wl,uR,B,G,R
300,-2.91439730909917E-05,0.00015798807907,-0.000136020600909,0.000385108185907
301,-2.73950685233528E-05,0.000152195300214,-0.000117821859148,0.00034330573564
302,-2.56461639557138E-05,0.000146402521358,-9.96231173882313E-05,0.000301503285372
303,-2.38972593880749E-05,0.000140609742502,-8.14243756280723E-05,0.000259700835104
304,-2.2148354820436E-05,0.000134816963647,-6.32256338679133E-05,0.000217898384836
305,-2.0399450252797E-05,0.000129024184791,-4.50268921077543E-05,0.000176095934569
306,-1.20089647265457E-05,0.000119155685793,-3.29783678199282E-05,0.000168234768655
307,-3.61847920029431E-06,0.000109287186795,-2.09298435321022E-05,0.000160373602741
308,4.77200632595705E-06,9.94186877967726E-05,-8.88131924427613E-06,0.000152512436827
309,1.31624918522084E-05,8.95501887987826E-05,3.16720504354992E-06,0.000144651270913
310,2.15529773784598E-05,7.96816898007926E-05,1.5215729331376E-05,0.000136790104999
311,2.54720542651444E-05,7.66488722216396E-05,-7.31011968359466E-06,0.000106455824825
312,2.93911311518291E-05,7.36160546424866E-05,-2.98359686985653E-05,7.61215446503693E-05
313,3.33102080385137E-05,7.05832370633336E-05,-5.23618177135359E-05,4.57872644760715E-05
314,3.72292849251984E-05,6.75504194841806E-05,-7.48876667285066E-05,1.54529843017737E-05
315,4.11483618118831E-05,6.45176019050275E-05,-9.74135157434772E-05,-1.4881295872524E-05
316,8.77206359813376E-05,4.11472085335032E-05,-9.06080962636205E-05,-3.08169757245794E-06
317,0.000134292910151,1.77768151619789E-05,-8.38026767837638E-05,8.71790072760816E-06
318,0.00018086518432,-5.59357820954542E-06,-7.69972573039072E-05,2.05174990276743E-05
319,0.00022743745849,-2.89639715810697E-05,-7.01918378240505E-05,3.23170973277404E-05
320,0.000274009732659,-5.23343649525941E-05,-6.33864183441938E-05,4.41166956278065E-05
321,0.000471667962584,-3.26218886917845E-05,-4.03125480805272E-05,6.24181142867537E-05
322,0.00066932619251,-1.29094124309749E-05,-1.72386778168607E-05,8.0719532945701E-05
323,0.000866984422435,6.80306382983462E-06,5.83519244680587E-06,9.90209516046482E-05
324,0.00106464265236,2.65155400906442E-05,2.89090627104724E-05,0.000117322370264
325,0.001262300882285,4.62280163514538E-05,5.1982932974139E-05,0.000135623788923
326,0.001584867986696,4.0793310627371E-05,3.40541580796813E-05,0.000104693457127
327,0.001907435091108,3.53586049032882E-05,1.61253831852236E-05,7.37631253317725E-05
328,0.002230002195519,2.99238991792055E-05,-1.80339170923411E-06,4.28327935363874E-05
329,0.00255256929993,2.44891934551227E-05,-1.97321666036918E-05,1.19024617410023E-05
330,0.002875136404342,1.905448773104E-05,-3.76609414981495E-05,-1.90278700543828E-05
331,0.003296428436464,2.24394835315718E-06,-3.71246005907903E-05,-1.49433597182829E-05
332,0.003717720468587,-1.45665910247256E-05,-3.65882596834311E-05,-1.0858849382183E-05
333,0.004139012500709,-3.13771304026084E-05,-3.60519187760718E-05,-6.77433904608317E-06
334,0.004560304532831,-4.81876697804912E-05,-3.55155778687126E-05,-2.6898287099833E-06
335,0.004981596564954,-6.4998209158374E-05,-3.49792369613534E-05,1.39468162611657E-06
336,0.005829875205881,-5.36901515040848E-05,-5.41857605811118E-05,-1.9725593966172E-05
337,0.006678153846808,-4.23820938497955E-05,-7.33922842008703E-05,-4.08458695584606E-05
338,0.007526432487735,-3.10740361955062E-05,-9.25988078206287E-05,-6.19661451507492E-05
339,0.008374711128663,-1.9765978541217E-05,-0.00011180533144,-8.30864207430378E-05
340,0.00922298976959,-8.4579208869277E-06,-0.00013101185506,-0.000104206696335
341,0.010115488778469,-2.94174947241231E-05,-9.23349635401744E-05,-0.000117439765713
342,0.011007987787348,-5.03770685613185E-05,-5.36580720202031E-05,-0.000130672835091
343,0.011900486796227,-7.13366423985139E-05,-1.49811805002319E-05,-0.000143905904469
344,0.012792985805105,-9.22962162357093E-05,2.36957110197393E-05,-0.000157138973847
345,0.013685484813984,-0.000113255790073,6.23726025397106E-05,-0.000170372043225
346,0.014589639427514,-7.18458255178019E-05,5.55503229527161E-05,-9.84971349155516E-05
347,0.015493794041043,-3.04358609626992E-05,4.87280433657216E-05,-2.6622226606498E-05
348,0.016397948654573,1.09741035924035E-05,4.19057637787272E-05,4.52526817025555E-05
349,0.017302103268102,5.23840681475062E-05,3.50834841917328E-05,0.000117127590012
350,0.018206257881632,9.37940327026089E-05,2.82612046047383E-05,0.000189002498321
351,0.018941544158151,7.28849250599099E-05,1.91901161556935E-05,0.000148319124619
352,0.01967683043467,5.19758174172109E-05,1.01190277066486E-05,0.000107635750917
353,0.020412116711189,3.10667097745119E-05,1.04793925760377E-06,6.69523772146164E-05
354,0.021147402987708,1.01576021318129E-05,-8.02314919144108E-06,2.6269003512601E-05
355,0.021882689264227,-1.07515055108861E-05,-1.70942376404859E-05,-1.44143701894144E-05
356,0.023204856798589,5.225142061657E-06,-1.49540521693689E-05,1.7262407067882E-06
357,0.024527024332951,2.12017896342001E-05,-1.28138666982519E-05,1.78668516029908E-05
358,0.025849191867313,3.71784372067431E-05,-1.06736812271349E-05,3.40074624991935E-05
359,0.027171359401675,5.31550847792862E-05,-8.53349575601785E-06,5.01480733953961E-05
360,0.028493526936037,6.91317323518292E-05,-6.39331028490083E-06,6.62886842915988E-05
361,0.029500931158905,5.09543153049354E-05,-2.3163200643733E-05,5.76602816929892E-05
362,0.030508335381773,3.27768982580416E-05,-3.99330910025652E-05,4.90318790943796E-05
363,0.031515739604641,1.45994812111479E-05,-5.67029813613974E-05,4.04034764957701E-05
364,0.032523143827509,-3.57793583574592E-06,-7.34728717202296E-05,3.17750738971605E-05
365,0.033530548050377,-2.17553528826397E-05,-9.02427620790618E-05,2.3146671298551E-05
366,0.033827245404463,-1.44394141468093E-05,-7.8544324211769E-05,3.78557877732978E-05
367,0.034123942758548,-7.12347541097885E-06,-6.68458863444763E-05,5.25649042480446E-05
368,0.034420640112634,1.92463324851573E-07,-5.51474484771836E-05,6.72740207227914E-05
369,0.03471733746672,7.508402060682E-06,-4.34490106098908E-05,8.19831371975382E-05
370,0.035014034820806,1.48243407965124E-05,-3.17505727425981E-05,9.66922536722849E-05
371,0.033351650186242,1.99597624188429E-05,-2.50955526209995E-05,8.75000330405406E-05
372,0.031689265551679,2.50951840411734E-05,-1.84405324994008E-05,7.83078124087962E-05
373,0.030026880917116,3.02306056635039E-05,-1.17855123778022E-05,6.91155917770518E-05
374,0.028364496282552,3.53660272858343E-05,-5.13049225620355E-06,5.99233711453075E-05
375,0.026702111647989,4.05014489081648E-05,1.52452786539509E-06,5.07311505135631E-05
376,0.022058849481754,3.28273752272494E-05,-8.87146206489448E-06,3.73572915002883E-05
377,0.01741558731552,2.51533015463341E-05,-1.9267451995184E-05,2.39834324870135E-05
378,0.012772325149285,1.74792278654187E-05,-2.96634419254736E-05,1.06095734737387E-05
379,0.008129062983051,9.80515418450333E-06,-4.00594318557632E-05,-2.76428553953605E-06
380,0.003485800816816,2.13108050358797E-06,-5.04554217860527E-05,-1.61381445528108E-05
381,0.002809548151507,9.12620862075942E-07,-4.57326542104055E-05,-1.81008555740038E-05
382,0.002133295486198,-3.05838779436082E-07,-4.10098866347583E-05,-2.00635665951968E-05
383,0.00145704282089,-1.52429842094811E-06,-3.6287119059111E-05,-2.20262776163897E-05
384,0.000780790155581,-2.74275806246013E-06,-3.15643514834638E-05,-2.39889886375827E-05
385,0.000104537490272,-3.96121770397215E-06,-2.68415839078166E-05,-2.59516996587757E-05
386,9.9718405780548E-05,8.24758259093581E-06,-2.43878814856875E-05,-4.9127478969299E-07
387,9.48993212889756E-05,2.04563828858438E-05,-2.19341790635584E-05,2.49691500793897E-05
388,9.00802367974032E-05,3.26651831807517E-05,-1.94804766414293E-05,5.04295749484724E-05
389,8.52611523058308E-05,4.48739834756597E-05,-1.70267742193003E-05,7.58899998175551E-05
390,8.04420678142583E-05,5.70827837705677E-05,-1.45730717971712E-05,0.000101350424687
391,6.76808965407772E-05,4.59369991610915E-05,-1.4415561990304E-05,8.27721655267569E-05
392,5.4919725267296E-05,3.47912145516154E-05,-1.42580521834367E-05,6.41939063668761E-05
393,4.21585539938148E-05,2.36454299421393E-05,-1.41005423765695E-05,4.56156472069952E-05
394,2.93973827203336E-05,1.24996453326632E-05,-1.39430325697023E-05,2.70373880471143E-05
395,1.66362114468524E-05,1.35386072318704E-06,-1.37855227628351E-05,8.45912888723346E-06
396,1.66303142319502E-05,9.8871474212928E-06,-1.25336755068914E-05,1.96369986207632E-05
397,1.6624417017048E-05,1.84204341193986E-05,-1.12818282509478E-05,3.0814868354293E-05
398,1.66185198021458E-05,2.69537208175043E-05,-1.00299809950042E-05,4.19927380878228E-05
399,1.66126225872436E-05,3.54870075156101E-05,-8.77813373906052E-06,5.31706078213526E-05
400,1.66067253723414E-05,4.40202942137158E-05,-7.52628648311689E-06,6.43484775548824E-05
401,1.56765686159167E-05,4.87417988604536E-05,5.55067938507504E-07,7.43358454882743E-05
402,1.4746411859492E-05,5.34633035071914E-05,8.6364223601319E-06,8.43232134216663E-05
403,1.38162551030673E-05,5.81848081539292E-05,1.67177767817563E-05,9.43105813550582E-05
404,1.28860983466426E-05,6.29063128006669E-05,2.47991312033807E-05,0.000104297949288
405,1.1955941590218E-05,6.76278174474047E-05,3.28804856250051E-05,0.000114285317222
406,7.97128792125723E-06,7.22772966063169E-05,2.16762120714378E-05,0.000101918456895
407,3.9866342522965E-06,7.6926775765229E-05,1.04719385178706E-05,8.95515965674382E-05
408,1.98058333576908E-09,8.15762549241412E-05,-7.32335035696623E-07,7.71847362402362E-05
409,-3.98267308562496E-06,8.62257340830534E-05,-1.19366085892639E-05,6.48178759130343E-05
410,-7.96732675458569E-06,9.08752132419656E-05,-2.31408821428311E-05,5.24510155858323E-05
411,-8.03572952211322E-06,0.000166839194209,-1.15006539504506E-05,6.42038740805467E-05
412,-8.10413228964074E-06,0.000242803175176,1.39574241929826E-07,7.59567325752611E-05
413,-8.17253505716826E-06,0.000318767156143,1.17798024343103E-05,8.77095910699755E-05
414,-8.24093782469579E-06,0.00039473113711,2.34200306266908E-05,9.94624495646899E-05
415,-8.30934059222331E-06,0.000470695118077,3.50602588190712E-05,0.000111215308059
416,-7.31782168540527E-06,0.000726053591125,7.88741427477692E-05,0.000167602384425
417,-6.32630277858724E-06,0.000981412064173,0.000122688026676,0.00022398946079
418,-5.3347838717692E-06,0.001236770537221,0.000166501910605,0.000280376537156
419,-4.34326496495116E-06,0.001492129010269,0.000210315794534,0.000336763613521
420,-3.35174605813313E-06,0.001747487483317,0.000254129678463,0.000393150689887
421,-5.04927997123648E-06,0.002179125678027,0.000309576900266,0.000452859109382
422,-6.74681388433983E-06,0.002610763872737,0.00036502412207,0.000512567528878
423,-8.44434779744318E-06,0.003042402067447,0.000420471343873,0.000572275948373
424,-1.01418817105465E-05,0.003474040262157,0.000475918565677,0.000631984367869
425,-1.18394156236499E-05,0.003905678456867,0.00053136578748,0.000691692787364
426,-9.66514163659424E-06,0.004304579410484,0.000599091612022,0.00072707695109
427,-7.49086764953861E-06,0.004703480364102,0.000666817436563,0.000762461114815
428,-5.31659366248297E-06,0.005102381317719,0.000734543261105,0.00079784527854
429,-3.14231967542734E-06,0.005501282271336,0.000802269085646,0.000833229442265
430,-9.68045688371705E-07,0.005900183224953,0.000869994910188,0.00086861360599
431,-9.62825344542453E-07,0.0065287587022,0.000981739251333,0.000914418911141
432,-9.57605000713202E-07,0.007157334179446,0.001093483592477,0.000960224216291
433,-9.52384656883951E-07,0.007785909656693,0.001205227933622,0.001006029521441
434,-9.47164313054699E-07,0.008414485133939,0.001316972274767,0.001051834826591
435,-9.41943969225448E-07,0.009043060611186,0.001428716615911,0.001097640131741
436,-1.12360237074387E-06,0.009358180454827,0.001482267992855,0.001113936884963
437,-1.3052607722623E-06,0.009673300298468,0.001535819369799,0.001130233638184
438,-1.48691917378073E-06,0.009988420142109,0.001589370746743,0.001146530391405
439,-1.66857757529916E-06,0.01030353998575,0.001642922123687,0.001162827144627
440,-1.85023597681758E-06,0.010618659829391,0.00169647350063,0.001179123897848
441,-3.51553801593855E-06,0.010761774328922,0.001741885690423,0.001174925099005
442,-5.18084005505951E-06,0.010904888828453,0.001787297880215,0.001170726300162
443,-6.84614209418048E-06,0.011048003327984,0.001832710070008,0.001166527501318
444,-8.51144413330144E-06,0.011191117827515,0.0018781222598,0.001162328702475
445,-1.01767461724224E-05,0.011334232327046,0.001923534449593,0.001158129903632
446,-1.03022913609991E-05,0.011395767107044,0.001948715808412,0.001130451605643
447,-1.04278365495758E-05,0.011457301887043,0.001973897167231,0.001102773307655
448,-1.05533817381525E-05,0.011518836667042,0.00199907852605,0.001075095009667
449,-1.06789269267292E-05,0.011580371447041,0.00202425988487,0.001047416711679
450,-1.0804472115306E-05,0.011641906227039,0.002049441243689,0.001019738413691
451,-9.24505529545261E-06,0.011691754753393,0.002081010848271,0.001009301590569
452,-7.68563847559927E-06,0.011741603279747,0.002112580452853,0.000998864767448
453,-6.12622165574593E-06,0.0117914518061,0.002144150057436,0.000988427944327
454,-4.56680483589259E-06,0.011841300332454,0.002175719662018,0.000977991121206
455,-3.00738801603925E-06,0.011891148858808,0.0022072892666,0.000967554298085
456,-4.0678747196924E-06,0.011929193550513,0.002285397572543,0.000962514288207
457,-5.12836142334554E-06,0.011967238242218,0.002363505878486,0.000957474278329
458,-6.18884812699868E-06,0.012005282933923,0.002441614184429,0.000952434268452
459,-7.24933483065182E-06,0.012043327625628,0.002519722490372,0.000947394258574
460,-8.30982153430496E-06,0.012081372317333,0.002597830796315,0.000942354248696
461,-5.19390564666641E-06,0.012155979005445,0.00271078254207,0.000967926476607
462,-2.07798975902786E-06,0.012230585693557,0.002823734287824,0.000993498704517
463,1.03792612861069E-06,0.012305192381668,0.002936686033578,0.001019070932428
464,4.15384201624925E-06,0.01237979906978,0.003049637779333,0.001044643160339
465,7.2697579038878E-06,0.012454405757892,0.003162589525087,0.001070215388249
466,4.64822593444407E-06,0.012403771112195,0.003280732515664,0.001062192745618
467,2.02669396500035E-06,0.012353136466499,0.003398875506242,0.001054170102986
468,-5.94838004443369E-07,0.012302501820802,0.003517018496819,0.001046147460355
469,-3.21636997388709E-06,0.012251867175106,0.003635161487396,0.001038124817723
470,-5.83790194333081E-06,0.012201232529409,0.003753304477973,0.001030102175092
471,-4.47488228299147E-06,0.012134528397537,0.003858350456268,0.001057773248251
472,-3.11186262265212E-06,0.012067824265664,0.003963396434563,0.00108544432141
473,-1.74884296231278E-06,0.012001120133792,0.004068442412859,0.001113115394569
474,-3.85823301973431E-07,0.011934416001919,0.004173488391154,0.001140786467729
475,9.77196358365914E-07,0.011867711870047,0.004278534369449,0.001168457540888
476,-1.198034478956E-06,0.011728737134579,0.00434293478304,0.001182814458266
477,-3.37326531627791E-06,0.01158976239911,0.004407335196632,0.001197171375644
478,-5.54849615359982E-06,0.011450787663642,0.004471735610223,0.001211528293022
479,-7.72372699092173E-06,0.011311812928174,0.004536136023815,0.0012258852104
480,-9.89895782824364E-06,0.011172838192705,0.004600536437406,0.001240242127778
481,-5.40423433727531E-06,0.011022817788436,0.004633961723291,0.001226478968949
482,-9.0951084630698E-07,0.010872797384166,0.004667387009175,0.00121271581012
483,3.58521264466135E-06,0.010722776979897,0.00470081229506,0.001198952651292
484,8.07993613562968E-06,0.010572756575627,0.004734237580945,0.001185189492463
485,1.2574659626598E-05,0.010422736171357,0.004767662866829,0.001171426333634
486,9.39337008258072E-06,0.010260106410296,0.004822259697443,0.001159695390337
487,6.21208053856344E-06,0.010097476649236,0.004876856528057,0.00114796444704
488,3.03079099454615E-06,0.009934846888175,0.004931453358671,0.001136233503743
489,-1.50498549471135E-07,0.009772217127114,0.004986050189285,0.001124502560445
490,-3.33178809348842E-06,0.009609587366053,0.005040647019899,0.001112771617148
491,-1.30421929589724E-06,0.009413886740723,0.005135295944169,0.001119344906177
492,7.23349501693936E-07,0.009218186115393,0.005229944868439,0.001125918195206
493,2.75091829928511E-06,0.009022485490064,0.005324593792709,0.001132491484235
494,4.77848709687629E-06,0.008826784864734,0.005419242716979,0.001139064773264
495,6.80605589446747E-06,0.008631084239404,0.005513891641249,0.001145638062293
496,6.6327563585444E-06,0.008401903095501,0.005640579555323,0.001141164487977
497,6.45945682262133E-06,0.008172721951598,0.005767267469397,0.00113669091366
498,6.28615728669825E-06,0.007943540807694,0.005893955383471,0.001132217339344
499,6.11285775077518E-06,0.007714359663791,0.006020643297545,0.001127743765027
500,5.93955821485211E-06,0.007485178519887,0.006147331211619,0.00112327019071
501,3.83273929934533E-06,0.007283764311633,0.006320972651424,0.001172629984693
502,1.72592038383856E-06,0.007082350103379,0.006494614091228,0.001221989778675
503,-3.80898531668217E-07,0.006880935895126,0.006668255531033,0.001271349572657
504,-2.48771744717499E-06,0.006679521686872,0.006841896970837,0.00132070936664
505,-4.59453636268177E-06,0.006478107478618,0.007015538410641,0.001370069160622
506,-2.20616979703706E-06,0.006276520757982,0.007171196920963,0.001416714088009
507,1.82196768607647E-07,0.006074934037346,0.007326855431285,0.001463359015396
508,2.57056333425235E-06,0.005873347316711,0.007482513941607,0.001510003942783
509,4.95892989989706E-06,0.005671760596075,0.007638172451929,0.00155664887017
510,7.34729646554177E-06,0.005470173875439,0.007793830962251,0.001603293797557
511,6.42626438533735E-06,0.005271779126211,0.007938666281502,0.001652611830227
512,5.50523230513294E-06,0.005073384376983,0.008083501600753,0.001701929862897
513,4.58420022492852E-06,0.004874989627755,0.008228336920004,0.001751247895567
514,3.66316814472411E-06,0.004676594878528,0.008373172239254,0.001800565928238
515,2.74213606451969E-06,0.0044782001293,0.008518007558505,0.001849883960908
516,3.16487837286859E-06,0.004305399602586,0.008618963472552,0.001954967250574
517,3.58762068121749E-06,0.004132599075873,0.008719919386598,0.002060050540241
518,4.01036298956639E-06,0.003959798549159,0.008820875300645,0.002165133829908
519,4.43310529791529E-06,0.003786998022446,0.008921831214691,0.002270217119575
520,4.85584760626419E-06,0.003614197495733,0.009022787128738,0.002375300409241
521,5.66361433908961E-06,0.003488637873081,0.009094081592587,0.002447339456024
522,6.47138107191503E-06,0.00336307825043,0.009165376056435,0.002519378502807
523,7.27914780474046E-06,0.003237518627779,0.009236670520284,0.002591417549589
524,8.08691453756588E-06,0.003111959005128,0.009307964984133,0.002663456596372
525,8.89468127039131E-06,0.002986399382477,0.009379259447982,0.002735495643155
526,9.40847610333738E-06,0.002872342602768,0.009383206924633,0.002745893279236
527,9.92227093628345E-06,0.002758285823059,0.009387154401284,0.002756290915317
528,1.04360657692295E-05,0.00264422904335,0.009391101877936,0.002766688551398
529,1.09498606021756E-05,0.002530172263641,0.009395049354587,0.002777086187479
530,1.14636554351217E-05,0.002416115483932,0.009398996831238,0.002787483823561
531,1.06868996602474E-05,0.00236209954264,0.009479619927461,0.002734934969514
532,9.91014388537311E-06,0.002308083601348,0.009560243023683,0.002682386115467
533,9.13338811049883E-06,0.002254067660056,0.009640866119905,0.00262983726142
534,8.35663233562455E-06,0.002200051718764,0.009721489216127,0.002577288407373
535,7.57987656075027E-06,0.002146035777472,0.009802112312349,0.002524739553326
536,7.06370454511397E-06,0.002076872895686,0.009782978307807,0.002401284147249
537,6.54753252947767E-06,0.0020077100139,0.009763844303265,0.002277828741173
538,6.03136051384137E-06,0.001938547132115,0.009744710298722,0.002154373335096
539,5.51518849820507E-06,0.001869384250329,0.00972557629418,0.002030917929019
540,4.99901648256877E-06,0.001800221368543,0.009706442289638,0.001907462522942
541,4.10593587692742E-06,0.001729972476927,0.00962680862085,0.001820426041096
542,3.21285527128606E-06,0.001659723585311,0.009547174952063,0.001733389559251
543,2.3197746656447E-06,0.001589474693694,0.009467541283276,0.001646353077405
544,1.42669406000335E-06,0.001519225802078,0.009387907614488,0.001559316595559
545,5.33613454361989E-07,0.001448976910462,0.009308273945701,0.001472280113714
546,1.13109514107737E-06,0.001385210306379,0.00923143373387,0.001399212550077
547,1.72857682779274E-06,0.001321443702296,0.009154593522038,0.001326144986441
548,2.32605851450812E-06,0.001257677098213,0.009077753310207,0.001253077422805
549,2.9235402012235E-06,0.00119391049413,0.009000913098375,0.001180009859169
550,3.52102188793888E-06,0.001130143890047,0.008924072886544,0.001106942295533
551,3.0588229394161E-06,0.001072286569085,0.008793382074861,0.001098130836886
552,2.59662399089332E-06,0.001014429248122,0.008662691263178,0.001089319378239
553,2.13442504237054E-06,0.00095657192716,0.008532000451495,0.001080507919592
554,1.67222609384776E-06,0.000898714606197,0.008401309639812,0.001071696460945
555,1.21002714532498E-06,0.000840857285235,0.00827061882813,0.001062885002298
556,-2.33448745646914E-07,0.000800712933136,0.008241654056777,0.00107342775253
557,-1.67692463661881E-06,0.000760568581038,0.008212689285425,0.001083970502761
558,-3.1204005275907E-06,0.000720424228939,0.008183724514072,0.001094513252993
559,-4.56387641856259E-06,0.00068027987684,0.00815475974272,0.001105056003225
560,-6.00735230953448E-06,0.000640135524742,0.008125794971368,0.001115598753456
561,-3.01323387889541E-06,0.000607759543576,0.007981974509712,0.001141199738643
562,-1.91154482563375E-08,0.000575383562411,0.007838154048056,0.001166800723829
563,2.97500298238273E-06,0.000543007581245,0.0076943335864,0.001192401709016
564,5.9691214130218E-06,0.00051063160008,0.007550513124744,0.001218002694203
565,8.96323984366087E-06,0.000478255618914,0.007406692663088,0.001243603679389
566,6.54005287190983E-06,0.000462125866623,0.007269869982405,0.001352282879044
567,4.11686590015879E-06,0.000445996114331,0.007133047301722,0.001460962078699
568,1.69367892840774E-06,0.00042986636204,0.006996224621039,0.001569641278354
569,-7.29508043343301E-07,0.000413736609748,0.006859401940356,0.001678320478009
570,-3.15269501509434E-06,0.000397606857457,0.006722579259673,0.001786999677663
571,-2.35052319838448E-06,0.000390292666764,0.006580743400041,0.002195685949143
572,-1.54835138167461E-06,0.000382978476071,0.006438907540409,0.002604372220622
573,-7.46179564964741E-07,0.000375664285379,0.006297071680777,0.003013058492101
574,5.59922517451266E-08,0.000368350094686,0.006155235821145,0.003421744763581
575,8.58164068454994E-07,0.000361035903993,0.006013399961513,0.00383043103506
576,3.18604258185169E-06,0.000339133356212,0.005831764346219,0.004840356978957
577,5.51392109524838E-06,0.000317230808432,0.005650128730925,0.005850282922854
578,7.84179960864508E-06,0.000295328260651,0.005468493115631,0.006860208866751
579,1.01696781220418E-05,0.000273425712871,0.005286857500337,0.007870134810648
580,1.24975566354385E-05,0.00025152316509,0.005105221885043,0.008880060754545
581,8.98254236704645E-06,0.000249299324985,0.004945409966414,0.009707760597605
582,5.46752809865444E-06,0.00024707548488,0.004785598047785,0.010535460440665
583,1.95251383026242E-06,0.000244851644776,0.004625786129156,0.011363160283725
584,-1.56250043812959E-06,0.000242627804671,0.004465974210527,0.012190860126786
585,-5.0775147065216E-06,0.000240403964566,0.004306162291898,0.013018559969846
586,-3.33838810882358E-06,0.000218139349634,0.004145196446512,0.013269113289796
587,-1.59926151112557E-06,0.000195874734702,0.003984230601127,0.013519666609747
588,1.39865086572451E-07,0.00017361011977,0.003823264755741,0.013770219929698
589,1.87899168427047E-06,0.000151345504838,0.003662298910356,0.014020773249649
590,3.61811828196849E-06,0.000129080889906,0.003501333064971,0.014271326569599
591,7.91623816359677E-07,0.000125344522279,0.003338485632052,0.014213678894852
592,-2.03487064924913E-06,0.000121608154652,0.003175638199134,0.014156031220105
593,-4.86136511485794E-06,0.000117871787024,0.003012790766215,0.014098383545358
594,-7.68785958046675E-06,0.000114135419397,0.002849943333297,0.014040735870611
595,-1.05143540460756E-05,0.00011039905177,0.002687095900378,0.013983088195864
596,-8.00117074693402E-06,0.000119749063748,0.00256709660858,0.01385348490438
597,-5.48798744779248E-06,0.000129099075727,0.002447097316782,0.013723881612895
598,-2.97480414865093E-06,0.000138449087705,0.002327098024984,0.01359427832141
599,-4.61620849509386E-07,0.000147799099684,0.002207098733186,0.013464675029925
600,2.05156244963216E-06,0.000157149111662,0.002087099441388,0.013335071738441
601,1.83429858932596E-06,0.000147532547566,0.001969277113225,0.013143956629137
602,1.61703472901975E-06,0.00013791598347,0.001851454785063,0.012952841519834
603,1.39977086871355E-06,0.000128299419373,0.0017336324569,0.01276172641053
604,1.18250700840735E-06,0.000118682855277,0.001615810128738,0.012570611301227
605,9.65243148101151E-07,0.00010906629118,0.001497987800575,0.012379496191923
606,-5.42368552572902E-07,9.37212599326515E-05,0.001414219063434,0.012113758239186
607,-2.04998025324695E-06,7.83762286849346E-05,0.001330450326293,0.011848020286449
608,-3.55759195392101E-06,6.30311974372176E-05,0.001246681589152,0.011582282333712
609,-5.06520365459506E-06,4.76861661895006E-05,0.001162912852011,0.011316544380975
610,-6.57281535526911E-06,3.23411349417836E-05,0.00107914411487,0.011050806428237
611,-3.59468939860612E-06,3.57303536763028E-05,0.001027644840464,0.010876201149191
612,-6.16563441943123E-07,3.9119572410822E-05,0.000976145566058,0.010701595870145
613,2.36156251471987E-06,4.25087911453412E-05,0.000924646291652,0.010526990591099
614,5.33968847138287E-06,4.58980098798604E-05,0.000873147017246,0.010352385312052
615,8.31781442804586E-06,4.92872286143796E-05,0.000821647742841,0.010177780033006
616,7.41020354438109E-06,5.36641607556301E-05,0.000781651485586,0.009939880416115
617,6.50259266071632E-06,5.80410928968806E-05,0.000741655228332,0.009701980799224
618,5.59498177705155E-06,6.24180250381311E-05,0.000701658971078,0.009464081182334
619,4.68737089338678E-06,6.67949571793817E-05,0.000661662713824,0.009226181565443
620,3.77976000972201E-06,7.11718893206322E-05,0.000621666456569,0.008988281948552
621,2.51006776104044E-06,6.20669568539184E-05,0.000593298757222,0.008761998609282
622,1.24037551235887E-06,5.29620243872047E-05,0.000564931057874,0.008535715270013
623,-2.93167363226941E-08,4.38570919204909E-05,0.000536563358527,0.008309431930744
624,-1.29900898500426E-06,3.47521594537771E-05,0.000508195659179,0.008083148591474
625,-2.56870123368583E-06,2.56472269870633E-05,0.000479827959831,0.007856865252205
626,-3.17350915252464E-06,3.46297045177577E-05,0.00046342646555,0.00767173926466
627,-3.77831707136344E-06,4.3612182048452E-05,0.000447024971268,0.007486613277116
628,-4.38312499020225E-06,5.25946595791463E-05,0.000430623476986,0.007301487289572
629,-4.98793290904105E-06,6.15771371098406E-05,0.000414221982705,0.007116361302027
630,-5.59274082787986E-06,7.0559614640535E-05,0.000397820488423,0.006931235314483
631,-3.08694700659326E-06,7.13284194881692E-05,0.00037501937589,0.006736735095956
632,-5.81153185306665E-07,7.20972243358035E-05,0.000352218263358,0.006542234877429
633,1.92464063597993E-06,7.28660291834377E-05,0.000329417150825,0.006347734658901
634,4.43043445726653E-06,7.3634834031072E-05,0.000306616038292,0.006153234440374
635,6.93622827855312E-06,7.44036388787062E-05,0.000283814925759,0.005958734221847
636,6.6714764249799E-06,7.71685332875612E-05,0.000277435053969,0.005811446617476
637,6.40672457140669E-06,7.99334276964162E-05,0.00027105518218,0.005664159013105
638,6.14197271783347E-06,8.26983221052712E-05,0.00026467531039,0.005516871408735
639,5.87722086426025E-06,8.54632165141263E-05,0.0002582954386,0.005369583804364
640,5.61246901068703E-06,8.82281109229813E-05,0.000251915566811,0.005222296199993
641,8.13580775624686E-06,7.89942998396212E-05,0.000238614001355,0.005039472235308
642,1.06591465018067E-05,6.97604887562611E-05,0.000225312435899,0.004856648270623
643,1.31824852473665E-05,6.0526677672901E-05,0.000212010870443,0.004673824305938
644,1.57058239929263E-05,5.12928665895409E-05,0.000198709304987,0.004491000341253
645,1.82291627384862E-05,4.20590555061808E-05,0.000185407739532,0.004308176376569
646,1.50236832587148E-05,5.01815989975064E-05,0.000189169754495,0.004178493815728
647,1.18182037789434E-05,5.83041424888321E-05,0.000192931769459,0.004048811254888
648,8.61272429917195E-06,6.64266859801577E-05,0.000196693784422,0.003919128694048
649,5.40724481940054E-06,7.45492294714834E-05,0.000200455799386,0.003789446133208
650,2.20176533962914E-06,8.2671772962809E-05,0.000204217814349,0.003659763572368
651,3.65234764421784E-07,0.000101358553651,0.000196695385278,0.003566957444651
652,-1.47129581078557E-06,0.00012004533434,0.000189172956207,0.003474151316933
653,-3.30782638599293E-06,0.000138732115029,0.000181650527136,0.003381345189216
654,-5.14435696120029E-06,0.000157418895717,0.000174128098065,0.003288539061499
655,-6.98088753640764E-06,0.000176105676406,0.000166605668993,0.003195732933782
656,-3.30790833483705E-06,0.000159682294377,0.000165150141954,0.003063774098985
657,3.65070866733535E-07,0.000143258912347,0.000163694614915,0.002931815264188
658,4.03805006830412E-06,0.000126835530318,0.000162239087876,0.002799856429392
659,7.71102926987471E-06,0.000110412148288,0.000160783560836,0.002667897594595
660,1.13840084714453E-05,9.39887662587625E-05,0.000159328033797,0.002535938759798
661,1.25249685317096E-05,8.24501242225668E-05,0.000148522017832,0.002425515762705
662,1.3665928591974E-05,7.0911482186371E-05,0.000137716001867,0.002315092765611
663,1.48068886522383E-05,5.93728401501752E-05,0.000126909985902,0.002204669768518
664,1.59478487125026E-05,4.78341981139794E-05,0.000116103969938,0.002094246771424
665,1.7088808772767E-05,3.62955560777837E-05,0.000105297953973,0.00198382377433
666,1.58066126263963E-05,5.11894799086636E-05,0.00010893361321,0.001957429898632
667,1.45244164800257E-05,6.60834037395436E-05,0.000112569272447,0.001931036022934
668,1.32422203336551E-05,8.09773275704236E-05,0.000116204931684,0.001904642147236
669,1.19600241872845E-05,9.58712514013035E-05,0.000119840590921,0.001878248271538
670,1.06778280409139E-05,0.000110765175232,0.000123476250158,0.00185185439584
671,1.44680043068181E-05,0.000118919579832,0.000124864451189,0.001771423706617
672,1.82581805727224E-05,0.000127073984433,0.00012625265222,0.001690993017394
673,2.20483568386266E-05,0.000135228389033,0.000127640853251,0.001610562328171
674,2.58385331045309E-05,0.000143382793633,0.000129029054282,0.001530131638948
675,2.96287093704352E-05,0.000151537198233,0.000130417255312,0.001449700949725
676,2.63312647145775E-05,0.000121668708652,0.000118016284948,0.001329356657188
677,2.30338200587197E-05,9.18002190709015E-05,0.000105615314584,0.001209012364651
678,1.9736375402862E-05,6.19317294897393E-05,9.32143442200232E-05,0.001088668072114
679,1.64389307470043E-05,3.20632399085771E-05,8.08133738559134E-05,0.000968323779577
680,1.31414860911466E-05,2.19475032741493E-06,6.84124034918036E-05,0.00084797948704
681,1.10396038048061E-05,1.24683183890501E-05,6.62662192358722E-05,0.000775240524291
682,8.93772151846549E-06,2.27418864506853E-05,6.41200349799408E-05,0.000702501561541
683,6.83583923212492E-06,3.30154545123205E-05,6.19738507240095E-05,0.000629762598792
684,4.73395694578435E-06,4.32890225739557E-05,5.98276664680781E-05,0.000557023636043
685,2.63207465944379E-06,5.35625906355908E-05,5.76814822121467E-05,0.000484284673293
686,3.12988959181606E-06,3.15281789839271E-05,4.26412611837415E-05,0.000401483257858
687,3.62770452418832E-06,9.49376733226334E-06,2.76010401553362E-05,0.000318681842424
688,4.12551945656059E-06,-1.25406443194004E-05,1.2560819126931E-05,0.000235880426989
689,4.62333438893286E-06,-3.45750559710642E-05,-2.47940190147424E-06,0.000153079011555
690,5.12114932130513E-06,-5.66094676227279E-05,-1.75196229298795E-05,7.027759611991E-05
691,6.34879949184555E-06,-3.11692187525988E-05,-1.42042234283179E-05,8.20666316456104E-05
692,7.57644966238598E-06,-5.72896988246966E-06,-1.08888239267563E-05,9.38556671713108E-05
693,8.80409983292641E-06,1.97112789876595E-05,-7.57342442519469E-06,0.000105644702697
694,1.00317500034668E-05,4.51515278577886E-05,-4.25802492363309E-06,0.000117433738223
695,1.12594001740073E-05,7.05917767279177E-05,-9.42625422071496E-07,0.000129222773748
696,1.05062704651591E-05,6.40689800912095E-05,2.84452685074995E-06,0.000116373592399
697,9.75314075631093E-06,5.75461834545014E-05,6.63167912357141E-06,0.000103524411049
698,9.00001104746276E-06,5.10233868177932E-05,1.04188313963929E-05,9.06752296989739E-05
699,8.2468813386146E-06,4.45005901810851E-05,1.42059836692143E-05,7.78260483491612E-05
700,7.49375162976643E-06,3.79777935443769E-05,1.79931359420358E-05,6.49768669993485E-05
