"wl","FSS99","FSS80","FSS60","FSS40","FSS20","FSS10","FSS5","FSS2"
300,0.5,0.465358792553807,0.422241279859646,0.387652870640277,0.272745097364797,0.260060395549151,0.246805869736797,0.25
301,0.5,0.465236497005622,0.42281889597371,0.387932210886398,0.272930541428389,0.260231972741038,0.246808045440764,0.25
302,0.5,0.465329381318881,0.423239347186939,0.388441314943368,0.272962998242793,0.260305517398287,0.24675171781489,0.25
303,0.5,0.464791752905401,0.423057206720147,0.388375712881614,0.272990676439355,0.260306281878364,0.246766908565368,0.25
304,0.5,0.464803693817119,0.422841883529983,0.388261626324071,0.273045772844288,0.260240919899395,0.246681334148254,0.25
305,0.5,0.464694340396896,0.422371308297981,0.388054497957956,0.272977526124721,0.260133452799785,0.246703476367008,0.25
306,0.5,0.464554828013862,0.422017042696264,0.387549065910203,0.272968690840577,0.260094102103743,0.246761121984054,0.25
307,0.5,0.464724983951933,0.422093443490946,0.387447040282256,0.273054188090613,0.260064138447854,0.246901539458349,0.25
308,0.5,0.464724024570747,0.422056790934074,0.387420326682875,0.272929905864494,0.259997569717825,0.247036345363622,0.25
309,0.5,0.464499464921424,0.421547701719798,0.38686765402834,0.272759320410714,0.259813433036268,0.246957879718283,0.25
310,0.5,0.464511340911989,0.421303792824785,0.386841491044485,0.272546896640336,0.259628624209196,0.246855625633467,0.25
311,0.5,0.464316462978637,0.421004949957824,0.386720252329273,0.27243306195113,0.259701371853873,0.24675993170972,0.25
312,0.5,0.46436279384652,0.421317920029619,0.386835292550347,0.272539737585605,0.259756294957871,0.246728512483541,0.25
313,0.5,0.464377108367989,0.421884713241249,0.387099422407553,0.272735746077038,0.259924147097767,0.246853501678668,0.25
314,0.5,0.463952377120165,0.421901441451377,0.386995719776971,0.272875780216995,0.259933185490138,0.246970979652058,0.25
315,0.5,0.463914650310183,0.422399049267747,0.387259589876419,0.272850155685351,0.259854293359186,0.246922417998267,0.25
316,0.5,0.463688794750746,0.421944805180787,0.387021982997273,0.272679788185827,0.259825277766007,0.24689125270364,0.25
317,0.5,0.463347253965607,0.421369077158756,0.386931152714771,0.272554885662297,0.259725866221765,0.24687045394396,0.25
318,0.5,0.463174268004726,0.421363971807784,0.387084118675207,0.272582682952082,0.259605768187423,0.246752129630897,0.25
319,0.5,0.462877209414137,0.421142527902342,0.386885817837922,0.272661475489577,0.259660805998709,0.246892001075947,0.25
320,0.5,0.462411914081927,0.420885875026599,0.386601387038113,0.272822758631469,0.259755597943316,0.247104893784965,0.25
321,0.5,0.462413337653884,0.420538041924215,0.386295466442621,0.272818840812419,0.259661935589754,0.247142305958885,0.25
322,0.5,0.462522412326943,0.419968693458592,0.385762297036114,0.27262565370725,0.259773442998891,0.247182521234587,0.25
323,0.5,0.462196427519729,0.419180451184086,0.385097214711211,0.27240474339175,0.259735350710723,0.247116585987608,0.25
324,0.5,0.462030162659211,0.418839946748706,0.384852663270939,0.272196014751013,0.259527260926993,0.246859730147709,0.25
325,0.5,0.461952627387377,0.418540500384626,0.384566026100198,0.272063094350171,0.259521065001139,0.246736477374329,0.25
326,0.5,0.461338192800271,0.418309032497802,0.384458725235159,0.272103068364946,0.259527689979577,0.246747296386821,0.25
327,0.5,0.461345825322792,0.418326859152277,0.384600204352626,0.272160777831168,0.259521223111278,0.246708625129824,0.25
328,0.5,0.461218478831738,0.418194145045503,0.384466617909996,0.272088165590366,0.25954405948183,0.246812774151518,0.25
329,0.5,0.460901384478724,0.418518037486988,0.384771926802457,0.272103407800478,0.25961068431984,0.246862354863376,0.25
330,0.5,0.460811623714113,0.418535003032667,0.384695870315737,0.272160022033007,0.259647013207694,0.24692860889391,0.25
331,0.5,0.46048697535024,0.418321048516715,0.384559120942928,0.272217062495308,0.25962668747411,0.247057401684061,0.25
332,0.5,0.460206957909707,0.418354451129483,0.384465085811967,0.272254811691558,0.259568782056696,0.247022791416348,0.25
333,0.5,0.460078901299741,0.417993410341777,0.384318341973471,0.272163828749249,0.259503145026785,0.246955413954734,0.25
334,0.5,0.459990502627045,0.417634889705518,0.384198948726149,0.272088987331115,0.259404515012927,0.246979289073417,0.25
335,0.5,0.460025263593914,0.417561181557826,0.384105658589403,0.271965814805563,0.25932350692279,0.246875061859606,0.25
336,0.5,0.460046355690538,0.41710292466326,0.383843619899998,0.271939499201699,0.259253434117989,0.246730694184149,0.25
337,0.5,0.459821506983331,0.416888587615963,0.383489174696814,0.271868789971965,0.259178329462488,0.246704394279146,0.25
338,0.5,0.460022906127499,0.416835628747939,0.383345531589119,0.271811771895148,0.259125187348476,0.246628652828823,0.25
339,0.5,0.459837567505073,0.416834263207875,0.383396272593296,0.271824179350733,0.259146236751421,0.24659706557352,0.25
340,0.5,0.459762397071856,0.41685246004144,0.383462090566158,0.27184659725622,0.259202304331154,0.246672884942752,0.25
341,0.5,0.459892338832358,0.41716550472371,0.383694844553647,0.271945481914179,0.259258594836999,0.2468251086569,0.25
342,0.5,0.459644211758801,0.417177010291832,0.383584366060449,0.271934826487275,0.259264246235759,0.246835224079524,0.25
343,0.5,0.459797651572088,0.417106281855663,0.383402646511544,0.27188141804202,0.259217654813001,0.246845853717271,0.25
344,0.5,0.460029925078995,0.417561050216614,0.383730738140737,0.271820323002692,0.259192325386241,0.246827276609265,0.25
345,0.5,0.460112310738014,0.417485922909688,0.383685768468348,0.271785233828376,0.259205428622858,0.246744243567409,0.25
346,0.5,0.460340046422723,0.41756115288455,0.383885551454515,0.271831756282151,0.259161605212918,0.246669471194037,0.25
347,0.5,0.460245717069265,0.417369099865529,0.383760271403417,0.271802883439973,0.259140383693479,0.246669143052078,0.25
348,0.5,0.459932986095917,0.41712140675135,0.383524468158015,0.27195139414509,0.259185044342084,0.246811141228794,0.25
349,0.5,0.459813395660107,0.417123962163847,0.383480438845611,0.271964272699483,0.25914593484863,0.246869488010656,0.25
350,0.5,0.45967546009241,0.417083858976345,0.383408054557451,0.271885566913152,0.25919764769498,0.246966221936749,0.25
351,0.5,0.459908121323651,0.4173478684946,0.38347414720119,0.271788990663188,0.259167654815065,0.246956031624647,0.25
352,0.5,0.460415490749988,0.417457712894847,0.383581995125813,0.271588981379832,0.259045522486112,0.246785209724343,0.25
353,0.5,0.460552499781048,0.417226774639842,0.383433286275921,0.271478772431915,0.258929921473305,0.246704567301211,0.25
354,0.5,0.460918318599108,0.417457689077038,0.383370329407248,0.27146914507645,0.258854767348442,0.246678250959931,0.25
355,0.5,0.460980278738089,0.417525427350122,0.383472145804734,0.271536327552129,0.258790097401437,0.246642667678625,0.25
356,0.5,0.460914882907913,0.417060999238103,0.38297557938984,0.271417202311176,0.258776464324707,0.246648070868408,0.25
357,0.5,0.461161438227829,0.417273722333367,0.383095134786593,0.27135030787579,0.258816225977469,0.246662169924282,0.25
358,0.5,0.461074179044403,0.417113904138025,0.383159101819262,0.271312064878474,0.258868145563629,0.246696802986624,0.25
359,0.5,0.461261917055382,0.417288028836895,0.383134875974678,0.271282939356153,0.258911212268424,0.246736539777813,0.25
360,0.5,0.461442363906796,0.417488870728866,0.383301528616337,0.27127456595649,0.258860537902624,0.246736650588508,0.25
361,0.5,0.461584068711586,0.417236909118508,0.383092171605846,0.271146520801378,0.258738919221459,0.246695579928763,0.25
362,0.5,0.461789447773036,0.417305168244084,0.383129812610359,0.27111737428346,0.258710696209843,0.246666545600838,0.25
363,0.5,0.461828938708111,0.417232841322458,0.383138878903836,0.271093242381733,0.258689315751153,0.246651695818773,0.25
364,0.5,0.461847804872715,0.41733059690074,0.383251864712932,0.271179897773947,0.258696258519384,0.246663965276555,0.25
365,0.5,0.461644809151864,0.417673038659941,0.383510155865822,0.271398443211225,0.2587717865044,0.246737621605035,0.25
366,0.5,0.461457997323323,0.417725181075974,0.383376153144479,0.271367206976341,0.258729389951222,0.24665421015042,0.25
367,0.5,0.461365278055251,0.417630537814632,0.383450889678889,0.271361761238349,0.258713780148714,0.246642424117412,0.25
368,0.5,0.46139813638419,0.417635075721313,0.383460908148892,0.271437309740383,0.258840561868792,0.246677599571401,0.25
369,0.5,0.461388463527856,0.417254662189168,0.383373317016732,0.271400272554706,0.258852015431051,0.246690827414773,0.25
370,0.5,0.461504413270128,0.417378257724796,0.383517639531357,0.271469796945208,0.258876190355901,0.246712866111834,0.25
371,0.5,0.46153894381838,0.417434167240851,0.383453384412356,0.271445452488237,0.258885355472775,0.246702855847128,0.25
372,0.5,0.461511882647013,0.417448237694794,0.38337933018342,0.271424601510496,0.258825754965468,0.246691364275363,0.25
373,0.5,0.461752407044577,0.417834597814353,0.383487790822592,0.271463283710409,0.258806576997917,0.246618349082022,0.25
374,0.5,0.461685511156276,0.417461992259689,0.383236245484397,0.271399915050881,0.258763629553701,0.246631813906464,0.25
375,0.5,0.461696665088047,0.417482323622467,0.383247828693559,0.27133410174344,0.258616148014037,0.246588540124702,0.25
376,0.5,0.461662640420578,0.417544816865303,0.383310040981031,0.271172516849342,0.258541105634852,0.246561641340818,0.25
377,0.5,0.461672625642091,0.417354982525047,0.383120853482194,0.271032330446734,0.258528205736397,0.246589386803435,0.25
378,0.5,0.46181653551707,0.417602517296782,0.383358137921171,0.271069811641382,0.258518480665758,0.246639332674205,0.25
379,0.5,0.461776925590037,0.417620612183386,0.383335446690503,0.271141144666396,0.258626213566984,0.246701708693468,0.25
380,0.5,0.461782893996047,0.417544251100645,0.383205766624742,0.271119226303766,0.258628507198174,0.246615513076592,0.25
381,0.5,0.461650778829887,0.417615456000924,0.383320008833797,0.271182110977142,0.258642777435484,0.246580500139197,0.25
382,0.5,0.46160760922414,0.417559344847773,0.383171058035786,0.271151495534896,0.258686124849928,0.246567139930913,0.25
383,0.5,0.461553752026693,0.417478184881665,0.383155245624678,0.271080770946472,0.258629742237001,0.24653662753286,0.25
384,0.5,0.461570874070762,0.417576408335808,0.383216884075366,0.271106847242747,0.258652031549519,0.246615523249933,0.25
385,0.5,0.461556121571485,0.417573306698616,0.383156303071957,0.271074716908993,0.25864682702447,0.246627676004599,0.25
386,0.5,0.461651891810273,0.417682174921642,0.383123510840841,0.271029413562388,0.258625971927843,0.246680847058112,0.25
387,0.5,0.461802158436681,0.417929298324826,0.383244562444712,0.271017022552877,0.258661071524861,0.24670435363484,0.25
388,0.5,0.461810065408156,0.417919701147957,0.383214518418602,0.271013337598025,0.258603583691314,0.246663451550033,0.25
389,0.5,0.461998191204648,0.417952711884086,0.383189293421968,0.270979624456495,0.25856471730774,0.246630712710945,0.25
390,0.5,0.461883197785009,0.417853963921243,0.383234983462635,0.270959442336594,0.258538412326904,0.24656256393717,0.25
391,0.5,0.461823233952926,0.417644313752406,0.383128567633226,0.270954127763981,0.258506196259777,0.246577288129861,0.25
392,0.5,0.461992103375909,0.417489708385074,0.383100548748413,0.270934139190242,0.258521289176818,0.246623184877102,0.25
393,0.5,0.462044131127288,0.417670347723338,0.383273486400732,0.270954770350973,0.258526908650752,0.246658925011165,0.25
394,0.5,0.462148474101308,0.417681185953243,0.383292331236335,0.270946893368804,0.258485476781146,0.246660534639343,0.25
395,0.5,0.462211671907833,0.417748858895468,0.383255547342895,0.270924021477622,0.258475980499646,0.246651038191771,0.25
396,0.5,0.462094840302213,0.417773577921761,0.383267386215507,0.270894243854989,0.25845782680219,0.246642831029931,0.25
397,0.5,0.461828043582423,0.417469246714005,0.383057649629776,0.27088272833109,0.258413034869319,0.246628682855725,0.25
398,0.5,0.46182175408808,0.417482497025079,0.383000484565313,0.270906163028928,0.258438334336192,0.246643722966035,0.25
399,0.5,0.461773508787568,0.41742340726732,0.382963108557598,0.270972221663439,0.258438488205928,0.246633370599842,0.25
400,0.5,0.461829479896676,0.417435251740713,0.383065606995462,0.270994119545543,0.258475198358717,0.246623723847805,0.25
401,0.5,0.461822668103712,0.417566604990299,0.38316301487254,0.271019712538216,0.258489148029608,0.246582906143031,0.25
402,0.5,0.461629529037541,0.41749856136134,0.383094039037983,0.27097223288045,0.258455293192245,0.24651991095982,0.25
403,0.5,0.461763103790733,0.417389090523531,0.383057154748944,0.270878498092154,0.258390334291882,0.246483972402225,0.25
404,0.5,0.461685381727204,0.417392090187206,0.38291232548345,0.270823824923672,0.258328732403213,0.24649641369744,0.25
405,0.5,0.461871192423368,0.417529005104977,0.383048905154369,0.27079095114525,0.258318326832805,0.246504156170817,0.25
406,0.5,0.461980973266018,0.41766461626025,0.383249378898518,0.270819963184253,0.258297872367291,0.246539521399789,0.25
407,0.5,0.461898404218579,0.417899132387788,0.383386264813871,0.270878204979742,0.258307139703886,0.246566369785353,0.25
408,0.5,0.461986386451992,0.418047171077567,0.38344449501807,0.270887538935786,0.258287284209785,0.24654083156322,0.25
409,0.5,0.46196595463913,0.418038972585782,0.383341233188484,0.270906978101406,0.258296521845864,0.246611061608373,0.25
410,0.5,0.461949979354075,0.417820953382184,0.383110696671683,0.270851600394683,0.258268039959607,0.246603502977586,0.25
411,0.5,0.461942671758512,0.417659982423699,0.383054437181864,0.270775847630708,0.258274114004034,0.246596744583273,0.25
412,0.5,0.461942256068491,0.417552404565779,0.382989916815019,0.270732731035596,0.258217721093435,0.246555324325552,0.25
413,0.5,0.462059880602097,0.417483258925026,0.382849611154827,0.270639893475609,0.258126165268793,0.246491742063066,0.25
414,0.5,0.462079728591743,0.417797273793524,0.383114090211218,0.270676173092835,0.258131764982512,0.246460318262757,0.25
415,0.5,0.461951067285028,0.418090595361514,0.383271868902564,0.270716371707175,0.258110660055575,0.24645110656061,0.25
416,0.5,0.461878012785801,0.418263070296591,0.383473869294754,0.270738604343523,0.258154039203127,0.246506847857764,0.25
417,0.5,0.461761746764147,0.418268441122357,0.383482981889586,0.270712009163482,0.258153037483815,0.246506683885818,0.25
418,0.5,0.461889566297424,0.418268221116848,0.383540605633224,0.270675185220783,0.258086225737465,0.246514494169395,0.25
419,0.5,0.462232181404338,0.418256700817392,0.383585077613747,0.270596047401529,0.258034824840475,0.246485205632099,0.25
420,0.5,0.462464108854322,0.418335202092698,0.383821916099374,0.270624870226605,0.258017531697038,0.246479503311016,0.25
421,0.5,0.462682225457974,0.418515220871944,0.384140214095488,0.270660354207358,0.25802493720647,0.246494270422595,0.25
422,0.5,0.462709009869596,0.418642889325516,0.384213555139892,0.270622722861797,0.258047401675816,0.246488461014786,0.25
423,0.5,0.46270481207492,0.41889004231478,0.384419594984876,0.27065446227383,0.2580520487867,0.246472376272,0.25
424,0.5,0.462784855751841,0.418997939317502,0.384443424931193,0.270633924843423,0.258016907803731,0.246416017807153,0.25
425,0.5,0.462730875226855,0.418995703202564,0.384355285832523,0.270605158933135,0.258025746834935,0.246354098374144,0.25
426,0.5,0.462747437484772,0.41898222567426,0.384325448048797,0.270630088595617,0.258017186515986,0.246349585101678,0.25
427,0.5,0.462633769288343,0.418546821192006,0.383964390314085,0.270589428515343,0.258003890605901,0.246362901986754,0.25
428,0.5,0.462473495964021,0.418327195046516,0.383791817045221,0.270575696170573,0.258007397984975,0.246387919268698,0.25
429,0.5,0.462362482619481,0.418247526470645,0.383780526574303,0.270612020906482,0.257993511085381,0.24641343865077,0.25
430,0.5,0.462247706538939,0.418163009873511,0.383793281679421,0.270604207524082,0.257999990674913,0.246372053644231,0.25
431,0.5,0.462215489723464,0.418188150241447,0.38384101804798,0.270592099536333,0.257984417576409,0.246353426336577,0.25
432,0.5,0.462151270266332,0.418127850412496,0.383736093853965,0.27056769542373,0.257977496807658,0.246347958127401,0.25
433,0.5,0.462188628994479,0.418117695384096,0.383732029557792,0.270542686648944,0.258001740521363,0.246395008264289,0.25
434,0.5,0.462131251914005,0.417945451810494,0.383526324144496,0.270538922503475,0.258008426419546,0.24643052762904,0.25
435,0.5,0.462036613895954,0.41783322947052,0.383428559022232,0.270559311060871,0.258019295821091,0.246505444627088,0.25
436,0.5,0.461952574173899,0.417710973367417,0.383378573565254,0.270571100954116,0.258048063527966,0.246512683977353,0.25
437,0.5,0.461938511910792,0.417516850369718,0.383262673741379,0.270547976214002,0.257990571501806,0.246483620195702,0.25
438,0.5,0.46201053417587,0.417418860073026,0.383251035035424,0.270510276779654,0.257943698899262,0.246459298934652,0.25
439,0.5,0.462139710389308,0.417636265845508,0.383423688183557,0.270471995485622,0.257930378636125,0.246392558097313,0.25
440,0.5,0.462327642782255,0.417843110997879,0.383636245255305,0.270423553180668,0.257887641851396,0.246365242281323,0.25
441,0.5,0.462309675962286,0.418035077205821,0.383752766221513,0.270409799388722,0.257863574243929,0.246334135671642,0.25
442,0.5,0.462361053080632,0.418237874793464,0.383853354513611,0.270440522280882,0.25785023499592,0.246325277144197,0.25
443,0.5,0.462434894997845,0.41834741915219,0.384017476676659,0.270488922621924,0.257847880415572,0.246326154669896,0.25
444,0.5,0.462326759033346,0.418371002220008,0.383943228210381,0.270489334826547,0.257844019041047,0.246334424357317,0.25
445,0.5,0.462337201303055,0.418338134967917,0.384019091829522,0.270499030990185,0.257848067331436,0.246338788341402,0.25
446,0.5,0.462413939381522,0.418399595153953,0.384200717851363,0.270486684193166,0.257846291949912,0.246314888853253,0.25
447,0.5,0.462385810767456,0.418360485375485,0.384152003543746,0.270446885732752,0.257835457168246,0.246309980987155,0.25
448,0.5,0.462398886374577,0.418402896528597,0.384249675098709,0.270465980815929,0.257825712802775,0.246304585150796,0.25
449,0.5,0.462397614539247,0.418459477766359,0.384168896150445,0.270509038750853,0.257819783214548,0.246313225003006,0.25
450,0.5,0.462259646469184,0.418445955007446,0.384045999152751,0.270517200599441,0.257800796240943,0.246321404611304,0.25
451,0.5,0.462208579041609,0.418500737427423,0.384104059770893,0.270560383795895,0.257810241340307,0.246317591175872,0.25
452,0.5,0.462157906884062,0.418363538547818,0.383977488462576,0.270551724008961,0.257809948687279,0.246322986851277,0.25
453,0.5,0.462056648990637,0.418367445674541,0.383987942192538,0.270513341948015,0.257808645751223,0.246313824273045,0.25
454,0.5,0.462084631986414,0.418144500716548,0.383873464658796,0.270491969487508,0.257822656427731,0.246298402258699,0.25
455,0.5,0.461996634152221,0.417989568338177,0.383635283977661,0.270471634140352,0.257794585187181,0.24627306916564,0.25
456,0.5,0.462026509398938,0.418058075484409,0.383698430908512,0.270474395509993,0.257803552093819,0.246250865853801,0.25
457,0.5,0.462164232527202,0.418097581321339,0.383752435427584,0.270453178308256,0.257804452412701,0.246249906906326,0.25
458,0.5,0.462258369193457,0.418243925332449,0.38394656222851,0.270455174539206,0.257797341278037,0.246246525219631,0.25
459,0.5,0.462437395819465,0.418312051111949,0.384150914353297,0.27044475215117,0.257796410560521,0.246236384448818,0.25
460,0.5,0.462446941334878,0.418354628795115,0.384256382289365,0.27044458012667,0.257773538360197,0.246223120555031,0.25
461,0.5,0.462436593616509,0.418253155730374,0.384219230357335,0.270457636563031,0.257781572230296,0.246232067406456,0.25
462,0.5,0.462341783334996,0.41804766769473,0.383967337486938,0.27044924318596,0.257785574907451,0.246279724772184,0.25
463,0.5,0.462243758922592,0.417969622251111,0.38385662647617,0.270475338227982,0.257808788045161,0.246332811310114,0.25
464,0.5,0.462180258036058,0.417724373931147,0.383629878433955,0.270445513172778,0.257821910514395,0.246352733211221,0.25
465,0.5,0.46214163867448,0.417691843151382,0.383572474803854,0.270457605985807,0.257834505969993,0.246346098042079,0.25
466,0.5,0.46206712305066,0.417683182128223,0.383596523292567,0.270435592771853,0.257813615989957,0.246291671300809,0.25
467,0.5,0.461878583438696,0.417527019086951,0.383450155905483,0.270431434162183,0.257803107421149,0.246266904373506,0.25
468,0.5,0.461853186367131,0.417436182909521,0.383380016902134,0.270410116994035,0.257768939912568,0.2462349978187,0.25
469,0.5,0.461680583881708,0.417451543455372,0.383305620283557,0.270354500707414,0.257717017438307,0.246165984824247,0.25
470,0.5,0.46149917276436,0.417425459799019,0.383186558133218,0.270360730207351,0.257721712512938,0.246157964634591,0.25
471,0.5,0.461492926062622,0.417365537772307,0.383203994477366,0.270351763880183,0.257688263448932,0.246157236085939,0.25
472,0.5,0.461449680914963,0.417144572220883,0.383076680870831,0.27040383728503,0.257709518007966,0.246172048641214,0.25
473,0.5,0.461555405272188,0.417311328251338,0.383338542078901,0.27041333954286,0.257716469430611,0.246170373534237,0.25
474,0.5,0.461623982865672,0.417198717296961,0.383391551919522,0.270419597141383,0.257710304311359,0.246174735099019,0.25
475,0.5,0.461639791104436,0.417190480743921,0.383299592904307,0.270426576258836,0.257703977354685,0.246165478559078,0.25
476,0.5,0.461708268182316,0.417583816751749,0.383490953771187,0.270481726363946,0.25772030340287,0.246211196733649,0.25
477,0.5,0.461804775392304,0.417559306161801,0.38341488398717,0.270540766280512,0.257738202661641,0.246262881778383,0.25
478,0.5,0.461863440655953,0.41784784938812,0.383609902199773,0.270537427306274,0.257760007795196,0.24626095868878,0.25
479,0.5,0.46182986836038,0.418099580110742,0.383772238266899,0.270528642863449,0.257778882481741,0.24624123979136,0.25
480,0.5,0.461891840513417,0.418245707223709,0.383895396454789,0.270414219324756,0.25771889326768,0.246173473259957,0.25
481,0.5,0.462478731530695,0.418759832998923,0.384429042557968,0.270427405559364,0.257688692883331,0.246140243855769,0.25
482,0.5,0.467020724208197,0.424281194793369,0.389354844510297,0.271116706155778,0.257897903774904,0.246012840801121,0.25
483,0.5,0.471847468792413,0.43107182528257,0.39550811948237,0.27209472712401,0.258207346625466,0.245841232385609,0.25
484,0.5,0.474729431252589,0.434617861267414,0.398655574021646,0.272605528734908,0.258391549932433,0.245760012549148,0.25
485,0.5,0.47647105320699,0.436575829776624,0.400363739051372,0.272869451291717,0.258488496192881,0.24571144052753,0.25
486,0.5,0.475720046689511,0.435271252915037,0.399128883227664,0.272730354893491,0.25843075504529,0.24574260894289,0.25
487,0.5,0.473373852231117,0.431291276186978,0.395539576755304,0.272155508677152,0.258237230843692,0.24583397167188,0.25
488,0.5,0.47092044675143,0.428112101159549,0.392770336619007,0.27173457055201,0.258093191996225,0.245902914437887,0.25
489,0.5,0.468838952230851,0.425746769330583,0.390737699856223,0.271427049623002,0.257958008123125,0.245949690193285,0.25
490,0.5,0.466866203714079,0.423478226364135,0.388836035415973,0.271090212575584,0.257828134722381,0.245995225596799,0.25
491,0.5,0.465491759369058,0.421989405820015,0.387616223526109,0.27086616503005,0.25772346955555,0.246023174500725,0.25
492,0.5,0.464757488318337,0.421141478728028,0.386879079555876,0.270755773364287,0.257660906194041,0.246041155401107,0.25
493,0.5,0.464053596187933,0.420325972489269,0.386176023238203,0.270664088734945,0.257624843354212,0.246069539820345,0.25
494,0.5,0.462964066720706,0.41913172538727,0.385120615866634,0.270546837301736,0.257588023940101,0.246077405997623,0.25
495,0.5,0.46204295312362,0.418035386975948,0.384114487481201,0.270389166852992,0.257532803768789,0.246077912764093,0.25
496,0.5,0.461890297201205,0.417776961374915,0.383849358019432,0.27031863926473,0.257503024528411,0.246077137604091,0.25
497,0.5,0.461748979093382,0.417547747879519,0.383694648859023,0.270252760715324,0.25746981001262,0.246024625317877,0.25
498,0.5,0.461940323362804,0.417481360112145,0.383659599703132,0.270202242510523,0.257455122358103,0.246027376180913,0.25
499,0.5,0.46189878437581,0.417343781314117,0.383600664448971,0.270262941489071,0.257475024897753,0.24603789438772,0.25
500,0.5,0.46173081471187,0.417320500826028,0.383605661792404,0.270350637596895,0.257521522662932,0.246036755118638,0.25
501,0.5,0.461669694975817,0.417271554975351,0.383487330114416,0.270377400906739,0.257550198943486,0.246053416280737,0.25
502,0.5,0.461537069730478,0.417304458577227,0.383447842125249,0.270403697537757,0.257584873090918,0.246057968518202,0.25
503,0.5,0.461568151735639,0.417497799822762,0.383476253370816,0.270377992333293,0.257570049376928,0.24604839250161,0.25
504,0.5,0.461544942995158,0.417374520311997,0.383395908127692,0.27031405952801,0.257522309076912,0.246033272337527,0.25
505,0.5,0.461525298002112,0.417345058467554,0.38338692916216,0.270340666402079,0.257488077911413,0.246035077127083,0.25
506,0.5,0.461497097460825,0.417298810205014,0.383494865301598,0.270387048664651,0.257490886107701,0.24607433635954,0.25
507,0.5,0.461523305556737,0.417150467945321,0.383417916542276,0.270363042016046,0.257474123664879,0.246085214594521,0.25
508,0.5,0.461559490269059,0.417236986295346,0.383419540970621,0.270376773891536,0.257467851927773,0.246084561016285,0.25
509,0.5,0.461504381552098,0.417303854994227,0.383393127682174,0.270310660014909,0.257442675625735,0.246049556248776,0.25
510,0.5,0.461473190453412,0.417247184869698,0.383345652801557,0.270263842507297,0.257428036129611,0.246047654470662,0.25
511,0.5,0.461491214508641,0.41720392257857,0.383292508123027,0.270253035558388,0.257432892088275,0.246052848621544,0.25
512,0.5,0.461499510417483,0.417140965621972,0.383356734015112,0.27025376753009,0.257427359514638,0.246061556932126,0.25
513,0.5,0.461566686270026,0.417079155458951,0.383372549284232,0.270251613590802,0.257447048165957,0.246085787653257,0.25
514,0.5,0.461638496484642,0.416964317708938,0.383359195300451,0.270229434986422,0.257417434166438,0.246034270101322,0.25
515,0.5,0.461621078732904,0.416967657526963,0.383403655924659,0.270215132764918,0.257394314520572,0.246016556154838,0.25
516,0.5,0.461823816147116,0.417329788100004,0.383642418303803,0.270213553223647,0.25739752099221,0.245971461065838,0.25
517,0.5,0.461915225468421,0.417448796874215,0.383741260150438,0.270224617502566,0.257379129788505,0.245958800948482,0.25
518,0.5,0.462012523195609,0.417643137223112,0.38382570308737,0.270209040581232,0.257372996465812,0.245982350355117,0.25
519,0.5,0.462042726980845,0.417652627332689,0.383863555559647,0.270241256893966,0.257405755963244,0.246019758838519,0.25
520,0.5,0.461997815655469,0.417442014778814,0.383738091017588,0.270240542943949,0.257406952483883,0.246068249046432,0.25
521,0.5,0.462034106210333,0.417552703706373,0.383822947125544,0.270269538998453,0.25744615021688,0.246059231589522,0.25
522,0.5,0.461894725344117,0.417650661529195,0.383828150299293,0.270310080891019,0.257478034187486,0.246038994098612,0.25
523,0.5,0.461889757648328,0.417594738127079,0.383800268033695,0.270290135078636,0.257423273248119,0.246006581358682,0.25
524,0.5,0.461968159515384,0.417693430796266,0.383857044382533,0.27026387719737,0.257409653247267,0.245969712288467,0.25
525,0.5,0.462302070724177,0.417997544337632,0.384224702315819,0.27029165099772,0.257376222894336,0.245951609312609,0.25
526,0.5,0.463791609592455,0.419770204021076,0.385827172618268,0.270518035791739,0.257407391688248,0.245901136687992,0.25
527,0.5,0.468071070973562,0.425227139533726,0.390604806379759,0.271252462989351,0.25764810941278,0.245724393975267,0.25
528,0.5,0.471812927417377,0.430125598802901,0.394922388127304,0.271936254045322,0.257877860744565,0.245592373831994,0.25
529,0.5,0.473234202044478,0.431622612124707,0.396195935794706,0.272141241312814,0.257946781876612,0.24555084422011,0.25
530,0.5,0.47249894444229,0.430727507185996,0.395438359583831,0.272013725524302,0.257911101185077,0.245548951393706,0.25
531,0.5,0.4692328042613,0.426468764527681,0.391695523363562,0.271441256930447,0.257685206209344,0.245663344057633,0.25
532,0.5,0.465977635180907,0.422325821984448,0.38805844783374,0.270868371221669,0.257451124288723,0.245756088852543,0.25
533,0.5,0.464530946939933,0.420832034813949,0.386744853979573,0.270658111833248,0.257389328138436,0.245791741099589,0.25
534,0.5,0.464054534272174,0.420428488387406,0.386393218933367,0.270587702592511,0.25736940861708,0.245802258603531,0.25
535,0.5,0.46358442951867,0.419772524566503,0.38578858319307,0.270480232270842,0.25736436267621,0.245820168673992,0.25
536,0.5,0.462852050557477,0.418941704989462,0.38512126501386,0.270353526579337,0.257328090729902,0.245843337865798,0.25
537,0.5,0.462424959560876,0.418372278076801,0.384637789621264,0.270270572512815,0.257311964135635,0.245856226639807,0.25
538,0.5,0.462231226436625,0.418035628365158,0.384386846645335,0.270215070824552,0.257299148340501,0.245875241081777,0.25
539,0.5,0.462259814755199,0.418084534988332,0.38450873514855,0.270217654710751,0.257313308543078,0.24586573524173,0.25
540,0.5,0.462913006064145,0.41883109593223,0.385104680704318,0.270276151862897,0.257319445314788,0.245833984489488,0.25
541,0.5,0.463569887257492,0.419483250673486,0.385775262022621,0.270387004807066,0.257301014655612,0.245802773860167,0.25
542,0.5,0.463832705797135,0.419661440509747,0.385977172846424,0.270427853024445,0.257301573361795,0.245788652984723,0.25
543,0.5,0.463728889829239,0.419443284695537,0.385775012991771,0.270427484707656,0.257254413209716,0.245778886344096,0.25
544,0.5,0.463140868276277,0.41866785181294,0.385085804821156,0.270368614350681,0.257219142249328,0.2458087026665,0.25
545,0.5,0.462440455934714,0.417873157509489,0.384316379690348,0.270229739247238,0.257190749687423,0.245822525852884,0.25
546,0.5,0.462116931136242,0.417605951147727,0.384054865654114,0.270166696580388,0.257188867965095,0.245839058293191,0.25
547,0.5,0.461862390053218,0.417330654619809,0.383841291393845,0.270107417932628,0.257200530530689,0.245842540569822,0.25
548,0.5,0.46162908420887,0.417054267788632,0.383593040951838,0.27004217755918,0.257181016966759,0.245819559317339,0.25
549,0.5,0.461523494603124,0.416873850558859,0.383357441002287,0.270075543601619,0.257179874455058,0.245839137627636,0.25
550,0.5,0.461280514055156,0.416528027406458,0.383055295331766,0.270084690759548,0.257178180660267,0.245852997216267,0.25
551,0.5,0.461270214619493,0.416579412151998,0.382953741682192,0.270105195496504,0.25718750685929,0.245848757114456,0.25
552,0.5,0.461281954990155,0.416612598757772,0.382940251492148,0.270111434914856,0.257222772045816,0.245845011858618,0.25
553,0.5,0.461303022021619,0.416583391696983,0.383006369980304,0.270124875607306,0.257232572265706,0.245833272115412,0.25
554,0.5,0.461301386024008,0.416867012198261,0.383171145966817,0.270159423273859,0.257250043302662,0.245797387347876,0.25
555,0.5,0.461262641415215,0.416710523731641,0.38315299260211,0.270207049340096,0.257200967266409,0.245799524854165,0.25
556,0.5,0.461154987735286,0.416726343327874,0.383118199818769,0.270261270358418,0.257233767395396,0.245805387380046,0.25
557,0.5,0.461137328401686,0.416724601634639,0.383009975484875,0.270229316517799,0.257202033119894,0.245768760497761,0.25
558,0.5,0.461256413800448,0.416739434907369,0.38299827518233,0.27024443426019,0.257235699859783,0.245783524771374,0.25
559,0.5,0.461245046038759,0.416672153340531,0.382882951079848,0.270212909401031,0.25728812827653,0.245822237991584,0.25
560,0.5,0.461422291667755,0.416509597536533,0.382768040308258,0.2702068685092,0.257291451218055,0.245859279518361,0.25
561,0.5,0.461352270195353,0.416629308972837,0.38293720220009,0.270257258143684,0.257353751133804,0.245890235390212,0.25
562,0.5,0.461264416314894,0.416584317673417,0.382913134266314,0.270261592006603,0.257308416300174,0.245894349852598,0.25
563,0.5,0.461253835738978,0.416556395237904,0.382921145410651,0.270225685222231,0.257268777594319,0.24587085123802,0.25
564,0.5,0.46115266548088,0.416617838487746,0.382925055042581,0.27018117399961,0.257170263654142,0.245804442428483,0.25
565,0.5,0.461225217791146,0.416551730279741,0.382775712601264,0.270115253276165,0.257068662563492,0.245762586899256,0.25
566,0.5,0.461242422947209,0.416520816503157,0.382804970504521,0.270127431162021,0.257106174998056,0.245771129211719,0.25
567,0.5,0.461297560854858,0.41648842104171,0.382829230779887,0.270146525662041,0.257097051793954,0.245750259901871,0.25
568,0.5,0.461231093759794,0.416451845661408,0.382923371787279,0.27015008687675,0.25712770300752,0.245747337293962,0.25
569,0.5,0.461173972917504,0.41631713224359,0.382952060260603,0.270127069670694,0.25711820648862,0.245724404366225,0.25
570,0.5,0.461267238190424,0.416342780562761,0.383013194624009,0.270062103362845,0.257073350663561,0.24569086154797,0.25
571,0.5,0.461304230801852,0.416472870833609,0.38296291505993,0.270042540260615,0.257058465698608,0.245680481423068,0.25
572,0.5,0.461390910380143,0.416605339295778,0.383012899066632,0.270075176850207,0.257042969815628,0.245702262677202,0.25
573,0.5,0.461524206502295,0.416618547074141,0.383066984690187,0.270102985683773,0.257051222725487,0.245719382289306,0.25
574,0.5,0.461450824094274,0.416392944066155,0.382802852618061,0.270074021795285,0.257061317745252,0.245727358038716,0.25
575,0.5,0.461378085203801,0.416217419773271,0.382758736110561,0.270068491335758,0.257069073976219,0.245734045338474,0.25
576,0.5,0.461400218462994,0.415995859094198,0.38257343300157,0.27009878915501,0.257110677392096,0.245775747035352,0.25
577,0.5,0.461224904752707,0.415865061528969,0.382445766701428,0.270073809936707,0.257099057944424,0.245737649834197,0.25
578,0.5,0.461271473647118,0.416047949883216,0.382602287502485,0.270154215096091,0.257118978620733,0.245695824455046,0.25
579,0.5,0.461251664199663,0.41620013675551,0.382683093191069,0.270179193937862,0.257142391390936,0.245646425312589,0.25
580,0.5,0.461220975186043,0.416101004308591,0.382631252979704,0.270163715108816,0.257132453179437,0.245591564904535,0.25
581,0.5,0.461465903671793,0.416352165234808,0.382666137986288,0.270254169099745,0.257183820408663,0.245631253650822,0.25
582,0.5,0.461306418567694,0.416120147756741,0.382531230896103,0.270277466552416,0.25720934307367,0.245692848089079,0.25
583,0.5,0.461225023165999,0.415988426839275,0.382446504102129,0.270268609310914,0.257204031163291,0.245717302933165,0.25
584,0.5,0.461176521129753,0.415992083027864,0.382494720933309,0.270334996330291,0.257240598813333,0.245734034364422,0.25
585,0.5,0.460944383690728,0.415592009926544,0.382323321265358,0.270282284139786,0.257213452485443,0.245733978307605,0.25
586,0.5,0.461029124439938,0.41581720453795,0.382432387427117,0.270282408725661,0.257158368181676,0.245667205418596,0.25
587,0.5,0.461168052068892,0.415900059900681,0.382462961468833,0.270270244915975,0.257122568955471,0.24562740794674,0.25
588,0.5,0.461213583444936,0.415959279000793,0.382383227928693,0.270181695134131,0.257071278310077,0.245570531404699,0.25
589,0.5,0.461359802217924,0.41593857230633,0.38230022373767,0.270174438071004,0.257113587141292,0.245590111862793,0.25
590,0.5,0.46125323819526,0.415668165304604,0.38205790051135,0.270089944329007,0.257086923274981,0.245584305832069,0.25
591,0.5,0.461153031211889,0.415574057568049,0.381986120949311,0.27001251834872,0.257046449408271,0.245600937014609,0.25
592,0.5,0.461286424902459,0.415642943377105,0.382221639359785,0.270076420855548,0.257026701266198,0.245617596312827,0.25
593,0.5,0.461182496671414,0.415623563615306,0.382301035508256,0.270093166048838,0.256984716545739,0.245606226834022,0.25
594,0.5,0.461392145981353,0.415621022169879,0.38236038183933,0.270138331284596,0.256983411021079,0.245627988665166,0.25
595,0.5,0.461499907560034,0.415677729310354,0.382433359604571,0.270178650808,0.25699710099893,0.2456467100241,0.25
596,0.5,0.461443656846684,0.415738543325035,0.382498211353864,0.270110059495098,0.25697647286895,0.245603869973988,0.25
597,0.5,0.461548542245495,0.415612364343218,0.382500547481562,0.270087339840627,0.256990553733856,0.245587939141248,0.25
598,0.5,0.461525586658045,0.41564546052767,0.382559827307898,0.270166495252317,0.25703300555374,0.245618849067662,0.25
599,0.5,0.4613739912346,0.415391526428216,0.382391716620599,0.27016161866354,0.257032973239707,0.245568352847729,0.25
600,0.5,0.461330385544909,0.41523675266007,0.382222377597679,0.270113420786676,0.257034200831242,0.245549056539161,0.25
601,0.5,0.461298159206388,0.415521555147429,0.382310505670165,0.270119259263082,0.257034189904309,0.245533714592039,0.25
602,0.5,0.461352715731071,0.415495913180143,0.382228891704633,0.270047286411813,0.256999197001392,0.245549163648379,0.25
603,0.5,0.461396812687146,0.415524486372661,0.382251461037299,0.270051139525657,0.257001921464114,0.245589154944143,0.25
604,0.5,0.461531364853383,0.415747919153542,0.382365674077483,0.27004202153011,0.256951348772809,0.245604736297426,0.25
605,0.5,0.461328684930068,0.415615636062997,0.38231874622562,0.26999892599808,0.256892808003708,0.245565997051879,0.25
606,0.5,0.461206602592678,0.415574882076676,0.382367295180402,0.270032204679321,0.256900055058654,0.245528663109209,0.25
607,0.5,0.460996947050919,0.415417369086318,0.382187777299907,0.269962125641479,0.256841102968978,0.245446709958476,0.25
608,0.5,0.461078364718089,0.415316622807992,0.382158102008452,0.270066167174886,0.256903395081169,0.24549085470129,0.25
609,0.5,0.461254351785593,0.415446471336676,0.382127068344536,0.270111760070319,0.256955699671167,0.245572401229626,0.25
610,0.5,0.461395594760152,0.415457977285279,0.382053829746067,0.270146611620919,0.25702034561068,0.245662519162107,0.25
611,0.5,0.461498544682914,0.415767875922604,0.382309428197206,0.270217157589858,0.257070679877358,0.245694090697597,0.25
612,0.5,0.461229623517651,0.415666053191449,0.382280388921048,0.270143317432919,0.257045974879055,0.245661401108889,0.25
613,0.5,0.461023247242647,0.415573143534968,0.382337667777491,0.270174786327631,0.257003797702316,0.245574807354487,0.25
614,0.5,0.460981536904089,0.415592609599391,0.382238353040921,0.27011678409496,0.256985210810981,0.245528894496766,0.25
615,0.5,0.460844139747019,0.415421182327764,0.382192542264311,0.27011056995428,0.25689606376906,0.245430606711442,0.25
616,0.5,0.461061959440037,0.41593798629682,0.382477803599449,0.270245421878964,0.256943742636671,0.24544490243393,0.25
617,0.5,0.461050058751101,0.415978590876541,0.382490438062096,0.270215482482165,0.256922358055855,0.245436444336671,0.25
618,0.5,0.461136014254329,0.415876122818957,0.382362352188602,0.27014692697402,0.256862279595602,0.245357088744657,0.25
619,0.5,0.461211752730317,0.415854779261415,0.382406355743646,0.270125071004913,0.256906804476317,0.245410224675882,0.25
620,0.5,0.46133303932697,0.41558770282047,0.382306019366528,0.270112968126755,0.256937719571453,0.24535912119863,0.25
621,0.5,0.461233874722999,0.415573883903211,0.382364858871151,0.270204311088934,0.256934896296775,0.245397187652988,0.25
622,0.5,0.461136743022278,0.415625973648477,0.382429836793859,0.270347902978012,0.257002311806193,0.245431487994972,0.25
623,0.5,0.461214377603022,0.415729693931867,0.382528233782204,0.270457647811956,0.257029657129457,0.245479917691318,0.25
624,0.5,0.461278735073492,0.415818386644893,0.38259280605283,0.270370521023048,0.256964091302697,0.245494801495805,0.25
625,0.5,0.461355126037867,0.415817731701998,0.382449319070549,0.270305415263486,0.256944795727044,0.245486977659269,0.25
626,0.5,0.46142312307168,0.415732686294675,0.382288808376449,0.270231189970903,0.256873879379207,0.245464692744354,0.25
627,0.5,0.461226683447927,0.415658088010746,0.382144896613637,0.270164965475063,0.256802377417684,0.245414360984202,0.25
628,0.5,0.46090241602812,0.415382045429774,0.381927169500283,0.270230963182234,0.256834639412351,0.24542501007816,0.25
629,0.5,0.460862328821989,0.415166088630712,0.381883436548595,0.270205064777636,0.256814739565206,0.245452770676481,0.25
630,0.5,0.460948563027364,0.415376349004491,0.382054263351341,0.270266880553959,0.256876842462302,0.245500994017916,0.25
631,0.5,0.461011021822737,0.415494772130606,0.382185539182704,0.270306348887989,0.256920258254202,0.245491404997342,0.25
632,0.5,0.461195375710624,0.415872499637351,0.382472035561293,0.270354135039281,0.256996134622081,0.245498745924801,0.25
633,0.5,0.461081165686551,0.41598969727897,0.38263035094213,0.270385904898588,0.257049132591748,0.245437460712845,0.25
634,0.5,0.460991585909356,0.415860866770383,0.382662725399017,0.27032836231917,0.257017546978497,0.245409869070533,0.25
635,0.5,0.460907389190471,0.415922242360363,0.382647306136888,0.270335997477067,0.2569734018099,0.245433812312471,0.25
636,0.5,0.460891652858563,0.415631536684034,0.382557509905139,0.270360328379013,0.257020499732141,0.245419130661433,0.25
637,0.5,0.461008054106723,0.415752839290062,0.382655320500418,0.270435889141161,0.257088124738203,0.245480414580298,0.25
638,0.5,0.461192734101728,0.415762370949379,0.382491502763319,0.270408807592685,0.257090959542894,0.24543292552042,0.25
639,0.5,0.461241789785502,0.415572201271061,0.382600179106973,0.270281346287206,0.256998493341594,0.24536257344972,0.25
640,0.5,0.460917157361231,0.415616680907087,0.38253574762993,0.270214194341707,0.256890825768984,0.245334468861232,0.25
641,0.5,0.460851987688764,0.415499587221879,0.382611550925942,0.27025536242777,0.256796275548562,0.245309382673987,0.25
642,0.5,0.460897065347413,0.415590474297814,0.382814974810385,0.270326079558307,0.256794786543196,0.245340110287368,0.25
643,0.5,0.460951030515822,0.415687196539129,0.382694879326959,0.270506072865907,0.256909967063609,0.245414136108393,0.25
644,0.5,0.461073783785156,0.415476087903701,0.382566464122881,0.270500656691502,0.256979260910735,0.245473752425891,0.25
645,0.5,0.461064165583052,0.415315479620397,0.382250242579467,0.270483900325691,0.25700884253764,0.245495333894687,0.25
646,0.5,0.460911707051729,0.41525101105007,0.38227147646313,0.270475155801125,0.257049036966255,0.245500668075337,0.25
647,0.5,0.461143093530454,0.415645225715322,0.382722196886852,0.27058471900863,0.25701824998138,0.245503757260378,0.25
648,0.5,0.461234059271774,0.415857997369188,0.382827609974503,0.270567791916226,0.257123798502802,0.245499955263314,0.25
649,0.5,0.461246997094008,0.415789767034226,0.38274793621361,0.270522108609699,0.257141776921905,0.245467441020954,0.25
650,0.5,0.461212446644242,0.415745567160754,0.382578814683252,0.270444084178173,0.257071248656425,0.245339599269447,0.25
651,0.5,0.461156292777376,0.41567381327903,0.382485791194306,0.270359954176092,0.257094569870107,0.245307724532226,0.25
652,0.5,0.461096034078373,0.415463696370137,0.382309777202295,0.270199838779709,0.256881770834101,0.245139027217682,0.25
653,0.5,0.460809657566073,0.415513887772309,0.382286039582452,0.270228163027952,0.256915762169012,0.245206974809303,0.25
654,0.5,0.461019628274881,0.415491951336999,0.382136206359364,0.270344384984834,0.256969405675822,0.245349820693981,0.25
655,0.5,0.461089929295643,0.415838047414074,0.382319384048581,0.270396293001848,0.256926170295005,0.245415926618413,0.25
656,0.5,0.460940051229825,0.415510269215007,0.38201390885346,0.270472848588298,0.256965417131242,0.245542628231548,0.25
657,0.5,0.460980526928792,0.415772204633876,0.382206086644126,0.2704632607664,0.256888442381767,0.245449794564139,0.25
658,0.5,0.460818438629282,0.415503426528095,0.382128578293646,0.270307942527647,0.256876800994241,0.245398990168213,0.25
659,0.5,0.460944032818464,0.415363819033947,0.381980191828151,0.270179545755341,0.256738386251392,0.245268832167748,0.25
660,0.5,0.460951128431211,0.415358350479802,0.382069682672873,0.270090016205494,0.256718869345382,0.245185500873789,0.25
661,0.5,0.461145130619576,0.415260643273608,0.382045881304623,0.270237365946681,0.256687141105683,0.245176096734155,0.25
662,0.5,0.461192136684183,0.415084114817721,0.381815707782302,0.270340618684435,0.256693792256105,0.245357771162868,0.25
663,0.5,0.461328776191728,0.414925735166643,0.382040218327533,0.270402611912739,0.256802766025116,0.245498222067028,0.25
664,0.5,0.461383414459641,0.415282745824003,0.382295553988821,0.270425085555325,0.256740546883729,0.245486279573575,0.25
665,0.5,0.461453633160159,0.415836409522508,0.382774018831424,0.270391994983064,0.256794767836134,0.245431960405215,0.25
666,0.5,0.461193468203862,0.416125916709832,0.382885717032224,0.270210257874159,0.256759035486914,0.245156511291909,0.25
667,0.5,0.461100045068973,0.416244493692901,0.382850240482943,0.270241452187342,0.256760294182727,0.245014340079921,0.25
668,0.5,0.460760647120611,0.415803272176414,0.382701103247862,0.270282809517182,0.256793499224738,0.24498018651325,0.25
669,0.5,0.460759115167028,0.415727949811695,0.382629399860934,0.270390513186767,0.256829399035093,0.245001050350595,0.25
670,0.5,0.460816789264169,0.415885738768513,0.382672089874637,0.270539450047679,0.25690105834813,0.245009131265364,0.25
671,0.5,0.460822043367379,0.415835245023667,0.382610604525747,0.270570371152714,0.256867022104025,0.245152465721122,0.25
672,0.5,0.460810984257854,0.415965057036652,0.382560588202282,0.270422838177304,0.256822143738506,0.245062730173616,0.25
673,0.5,0.460791497558147,0.416125118566073,0.382878248085121,0.270441257651105,0.256774154803796,0.245067893808411,0.25
674,0.5,0.46091653775019,0.416039229285427,0.382854767611823,0.270435459106507,0.25683918737642,0.245140734510424,0.25
675,0.5,0.461207406487808,0.416327739730757,0.383085600265326,0.270543735773168,0.256888668320133,0.245176948089514,0.25
676,0.5,0.461185565878525,0.416481751676973,0.383077757685075,0.270579674641641,0.256869043082292,0.245160664548907,0.25
677,0.5,0.461052044021956,0.416485989728551,0.383185443177164,0.270594763414554,0.256846218192519,0.245175734803919,0.25
678,0.5,0.460917293139168,0.41608635926233,0.382860177535067,0.270411418996576,0.25667857705194,0.244935350972623,0.25
679,0.5,0.460761439319926,0.415778122736288,0.382728096679984,0.270331302208132,0.256673466356129,0.244945001777844,0.25
680,0.5,0.460820305820518,0.415781648093779,0.38271800832024,0.270302811107872,0.256649269058442,0.245147475688907,0.25
681,0.5,0.461062649046563,0.415828932419584,0.382878156903327,0.270352441655309,0.256757731735893,0.245226308716885,0.25
682,0.5,0.461264791538659,0.415972596468258,0.383049944438022,0.27046928993353,0.256845741825093,0.245357486237221,0.25
683,0.5,0.461430907721342,0.415986210279432,0.383103877619433,0.270508692916511,0.256905007546553,0.245291626934385,0.25
684,0.5,0.461201166988462,0.415957676698671,0.382932800025435,0.270539821171233,0.257105425596851,0.245243965263569,0.25
685,0.5,0.461208650534645,0.41599210954058,0.382961497630319,0.270540881714473,0.2570092879182,0.245100324317645,0.25
686,0.5,0.461109101963222,0.416336459685047,0.383308143351695,0.270472403345902,0.256913999366417,0.245021208967049,0.25
687,0.5,0.461317737577089,0.416103915013176,0.383175915237183,0.270539631289919,0.256845109150074,0.245115082229108,0.25
688,0.5,0.461225494228173,0.415945196398976,0.383075085846168,0.270500952470409,0.256791303467697,0.245088884981841,0.25
689,0.5,0.460953486773676,0.415623636508843,0.382770751459137,0.270507199425307,0.25681580253454,0.245120538181462,0.25
690,0.5,0.461126123916883,0.415738073741296,0.382812757556492,0.270593005254136,0.256900888491732,0.24515783215051,0.25
691,0.5,0.460973610859034,0.415780947896561,0.382774107951198,0.27051148175681,0.256864933769717,0.245017954429352,0.25
692,0.5,0.461246654472424,0.416158836125527,0.382959648312062,0.270849986261738,0.256973765140569,0.245208142651853,0.25
693,0.5,0.461512475763542,0.41624779607302,0.382999298535301,0.270872936518357,0.257003530709792,0.245120085988932,0.25
694,0.5,0.461338571490446,0.416314228314558,0.383073159320102,0.270926549025273,0.256911285422095,0.245058442821124,0.25
695,0.5,0.46124345438583,0.416056557602042,0.383100491175025,0.270870939396182,0.256844684725024,0.244947193686196,0.25
696,0.5,0.46102401323694,0.41608389764476,0.382935980782005,0.270665008837334,0.25675122951835,0.244820015775847,0.25
697,0.5,0.4611078795763,0.415780281661052,0.382906278913879,0.270661449389946,0.256810398310936,0.244837693493048,0.25
698,0.5,0.461174228456793,0.415265184529769,0.38246999051233,0.270404720431782,0.256727500987924,0.244781613429817,0.25
699,0.5,0.461540866283133,0.415749128815351,0.382927105154542,0.270453599035584,0.256846205447994,0.244883428123746,0.25
700,0.5,0.461565969335096,0.415758706975713,0.382834771193263,0.270463917974009,0.256870865852459,0.24492158843666,0.25
