wl,FSS99,FSS80,FSS60,FSS40,FSS20,FSS10,FSS5,FSS2
300,89.77347195,77.62919519,62.51335351,50.38758639,10.10400786,5.657092154,1.010411462,2.130187728
301,89.69155844,77.50587642,62.63719652,50.40833537,10.09669658,5.645455859,0.93995453,2.058833237
302,89.62737872,77.47291696,62.71743437,50.5183053,10.03512854,5.597801698,0.846252836,1.985001526
303,89.78936081,77.41407299,62.74486723,50.55472703,9.998233767,5.539817161,0.780885505,1.9172794
304,89.84634135,77.47811486,62.73244323,50.58070063,10.09304935,5.593335074,0.828402447,1.994604681
305,89.97100795,77.55001028,62.66020822,50.58710079,10.10150117,5.582786419,0.857943211,2.017703794
306,90.03832841,77.56225032,62.58969689,50.45757435,10.12729446,5.595665314,0.902690451,2.042718635
307,89.9918819,77.57762331,62.57439931,50.38136705,10.1233429,5.551783382,0.919498953,2.009933337
308,90.09369655,77.66189005,62.62528834,50.4188556,10.07063729,5.513079388,0.945340829,1.989779162
309,90.22154643,77.70123856,62.55303593,50.32209707,10.07843696,5.512689001,0.978800004,2.051693199
310,90.34560543,77.81696183,62.56330095,50.39699465,10.04730899,5.486741322,0.97746002,2.087525793
311,90.50695504,77.8901086,62.57619203,50.45394179,10.04472086,5.54309932,0.967315173,2.112925936
312,90.4844965,77.88601542,62.66877235,50.47845844,10.07264266,5.553434297,0.947846802,2.104384534
313,90.41727296,77.82098838,62.79564156,50.49553333,10.05644075,5.526248526,0.904457262,2.017061727
314,90.45336475,77.6962034,62.81448504,50.4614396,10.07468547,5.494334367,0.907042942,1.97900548
315,90.2982295,77.55039028,62.88421102,50.47052562,10.0532071,5.462170436,0.89373839,1.980953032
316,90.42529633,77.57156919,62.79470216,50.43244582,9.956692878,5.406351783,0.827863467,1.928322381
317,90.63246739,77.63473302,62.74850346,50.53618535,9.976268339,5.426863316,0.86809891,1.977893202
318,90.67110105,77.61133382,62.78385568,50.6269513,10.02050529,5.418411129,0.860035273,2.011850287
319,90.77912878,77.59798759,62.77930826,50.61582257,10.05833322,5.442202336,0.908399304,2.011952458
320,90.88169725,77.51593692,62.74989944,50.55884905,10.10087305,5.454386439,0.955985532,1.985441937
321,90.97060769,77.59088924,62.68454662,50.49522226,10.10096518,5.417503639,0.960892993,1.978145904
322,91.05877728,77.69413547,62.51932712,50.32120381,9.976272144,5.393127837,0.903160102,1.907883107
323,91.35540434,77.82860015,62.43670328,50.24110282,9.917691745,5.384353154,0.869130165,1.900868019
324,91.39464518,77.81870511,62.37624278,50.22424646,9.944381812,5.414727362,0.885510206,2.008299196
325,91.55507354,77.93169263,62.38738821,50.22236412,9.939154335,5.448309594,0.870613552,2.039162358
326,91.78282454,77.91210967,62.47451746,50.3300267,10.0201345,5.508460044,0.923232185,2.0902062
327,91.80814703,77.94048363,62.50689728,50.4070426,10.06800722,5.533410586,0.936732541,2.117553997
328,91.94903274,78.01247963,62.55122657,50.4308801,10.04648511,5.538626838,0.963503717,2.108867307
329,91.85013852,77.81141941,62.59328712,50.47643432,10.0217617,5.536133922,0.958728457,2.08532893
330,91.96665947,77.8687571,62.65986795,50.48634012,10.00190181,5.500383924,0.924975619,2.029899478
331,92.08599225,77.84590831,62.64974596,50.48229771,9.995385952,5.457945482,0.928105352,1.988587241
332,92.15617316,77.80495784,62.7110041,50.48892825,10.02070264,5.445532377,0.920866666,1.99458607
333,92.33988645,77.91504783,62.70814133,50.54020401,10.01499788,5.440266085,0.90634789,2.006459455
334,92.47016459,77.99676711,62.67466457,50.57924484,10.02357333,5.434977578,0.940163956,2.03290325
335,92.46201986,78.00829146,62.65448644,50.55792031,10.01134038,5.440241208,0.939237321,2.069126126
336,92.54240716,78.0912373,62.55866632,50.52882847,10.05328527,5.464755624,0.935300426,2.117803161
337,92.64047718,78.10010908,62.56292975,50.47587218,10.08108981,5.488484331,0.974238136,2.166899102
338,92.47973705,78.04012323,62.44100016,50.3444713,10.05879113,5.476432489,0.962719383,2.180440495
339,92.5530471,78.0288581,62.47730705,50.38491958,10.03641306,5.451610223,0.913375792,2.144000027
340,92.61208446,78.04492899,62.51031265,50.42205023,10.01407049,5.436477208,0.90047141,2.104981589
341,92.57100512,78.04733042,62.5752081,50.45490574,9.988537379,5.39439712,0.892017689,2.041700511
342,92.67512706,78.05681714,62.67367783,50.50522057,10.06176393,5.47202657,0.969790192,2.116185226
343,92.65708866,78.10147513,62.64468957,50.44199222,10.06475145,5.479724689,1.000405384,2.142391763
344,92.44676093,78.00941981,62.66950277,50.44986704,10.02740495,5.466124802,0.999822762,2.145822362
345,92.42194185,78.02431099,62.63813525,50.43782594,10.04685267,5.506118549,1.008200875,2.183379988
346,92.39420803,78.07707689,62.63401724,50.47722031,10.02611698,5.452228257,0.942603186,2.144914671
347,92.50733229,78.14262176,62.64969498,50.50556719,10.05117206,5.475736911,0.969410836,2.172974134
348,92.68635947,78.17933617,62.67859083,50.51418117,10.11703083,5.494731437,1.014524821,2.169111699
349,92.71738103,78.17029581,62.71721543,50.53864974,10.17108948,5.530999675,1.087068139,2.220277213
350,92.71810924,78.12299464,62.70733706,50.51867413,10.15408494,5.561803529,1.134745934,2.232795375
351,92.63754321,78.14451027,62.75917123,50.51397408,10.14029477,5.577738905,1.163292314,2.263673124
352,92.49588583,78.21466494,62.71644288,50.49482848,10.09021067,5.5648064,1.141555031,2.301380703
353,92.48274689,78.25030996,62.61863122,50.42613007,10.03356911,5.506014035,1.095174787,2.28414843
354,92.47156145,78.37079925,62.69010231,50.39130309,10.01709365,5.465796616,1.072480979,2.270975814
355,92.38469172,78.31959342,62.65580248,50.38091335,10.03238609,5.437863776,1.059185825,2.269374099
356,92.5156043,78.40952784,62.58237208,50.28071932,10.01856549,5.456439806,1.079222641,2.288955965
357,92.40295639,78.40964681,62.59715615,50.28280838,10.02179238,5.505835035,1.126798808,2.329399714
358,92.28215514,78.28229995,62.47177964,50.25977476,10.03346014,5.557945838,1.180465046,2.368475439
359,92.13219925,78.22330887,62.43450508,50.17183168,10.01144668,5.569383914,1.198073508,2.369817359
360,92.02347881,78.1951145,62.43157249,50.1705765,9.993070585,5.540886274,1.192758442,2.36313062
361,92.105656,78.31620526,62.39773206,50.14143213,9.958388649,5.504663201,1.181690196,2.367816271
362,92.13440277,78.41608829,62.44538647,50.17578426,9.96118999,5.50695676,1.18287778,2.379651265
363,92.26210781,78.54315196,62.51499161,50.26137462,9.991361458,5.533300402,1.206892626,2.410297396
364,92.3321144,78.61045588,62.59958353,50.34296961,10.03563592,5.545822572,1.218338438,2.418162698
365,92.31083527,78.51718658,62.70365154,50.41767947,10.09902783,5.558112692,1.230274941,2.403521651
366,92.37039756,78.50204174,62.76590416,50.40628327,10.10272319,5.555327333,1.210382119,2.41427919
367,92.34449408,78.4424156,62.7051782,50.40618582,10.07272975,5.52155876,1.177876951,2.386046211
368,92.36471523,78.46964636,62.71676075,50.4154787,10.09163241,5.557325959,1.179164312,2.375090582
369,92.49029299,78.57517509,62.66990156,50.45948582,10.10579214,5.583556216,1.200815188,2.393399863
370,92.41343105,78.54904058,62.65677078,50.4616889,10.10706197,5.571407522,1.190721551,2.374600318
371,92.47278196,78.61225084,62.7178452,50.4719075,10.10667627,5.580289508,1.189980662,2.378199959
372,92.42993562,78.56277272,62.68676255,50.41182881,10.07484777,5.535517987,1.163530372,2.35562273
373,92.28474905,78.5206039,62.71592041,50.35554946,10.04133732,5.486573612,1.100401171,2.317354461
374,92.46113559,78.64631122,62.70090349,50.36033221,10.03618044,5.479991121,1.105695456,2.32014202
375,92.40789761,78.60885521,62.68033165,50.34711711,10.02941979,5.447688639,1.114659371,2.343661482
376,92.38503011,78.5841976,62.70249108,50.37852268,10.01081855,5.463713782,1.151299414,2.3890532
377,92.50679888,78.6986607,62.73241855,50.39894692,10.01700476,5.51216495,1.210986894,2.439722728
378,92.42941678,78.68861906,62.77765108,50.45438245,10.04602248,5.529268896,1.254408774,2.463786984
379,92.49218468,78.72911515,62.82965073,50.48451304,10.08645497,5.580175202,1.286491551,2.47411482
380,92.54402503,78.77936312,62.84592319,50.47822509,10.1079958,5.609211264,1.282489021,2.501480282
381,92.49264581,78.68730082,62.83501478,50.48898883,10.12044107,5.606403491,1.2641015,2.495088045
382,92.4723518,78.65218051,62.79605521,50.41724773,10.0933838,5.60620406,1.243713367,2.479445584
383,92.53429072,78.68614101,62.81033818,50.44738402,10.07870864,5.593909246,1.238028719,2.485518473
384,92.5316549,78.68940273,62.84250343,50.46613036,10.08385876,5.597607892,1.262032229,2.481127889
385,92.54498336,78.69640365,62.85254131,50.45455657,10.07957768,5.602697856,1.27305741,2.487864541
386,92.61500081,78.7902356,62.93884055,50.48019684,10.06947909,5.597950337,1.291648031,2.488226227
387,92.56085599,78.79581661,62.98571786,50.48666724,10.04415942,5.591547819,1.282804553,2.470429302
388,92.57135053,78.80814799,62.99057775,50.48323873,10.04725492,5.574925802,1.271842836,2.474295592
389,92.55411218,78.86103599,62.99026238,50.46406553,10.03189677,5.558471034,1.258327452,2.472372494
390,92.59131249,78.85462418,62.98718969,50.51106062,10.04874417,5.572402824,1.256497842,2.49529504
391,92.66173714,78.8956909,62.96534579,50.51941581,10.070769,5.582206494,1.280797079,2.514982547
392,92.71241595,78.99945227,62.94332235,50.5359718,10.06717355,5.58871048,1.295963798,2.514293336
393,92.71950229,79.02670358,63.01860517,50.60973897,10.09011405,5.60669123,1.325247651,2.530559732
394,92.6982734,79.04802025,63.01194969,50.6104266,10.09571469,5.601800984,1.337416659,2.541715468
395,92.67063235,79.04641814,63.0157833,50.57955526,10.07951601,5.59149589,1.328127936,2.535563548
396,92.69123886,79.02435052,63.04410538,50.60273136,10.08605233,5.602042117,1.342088347,2.552531828
397,92.79925845,79.01842886,63.00402777,50.58076211,10.08340175,5.581596321,1.32721268,2.544324702
398,92.77215931,78.99360715,62.99154232,50.54696306,10.09205427,5.592407315,1.335724901,2.547007323
399,92.79575233,78.99752959,62.98893032,50.55015129,10.12595453,5.601781881,1.34061019,2.555827723
400,92.79245676,79.01380619,62.98854493,50.58192003,10.12677663,5.607743615,1.329642987,2.548398435
401,92.75415189,78.97660652,63.00535114,50.58968456,10.11908698,5.59702081,1.300261984,2.533432646
402,92.83383561,78.97491423,63.03537541,50.60890375,10.11194717,5.59098929,1.280082495,2.537045967
403,92.82706218,79.01837094,62.99335037,50.59487801,10.0832103,5.573294089,1.273487059,2.54324858
404,92.87103529,79.02932265,63.02772741,50.57141135,10.07781165,5.563777898,1.289180818,2.554902284
405,92.87716947,79.10627721,63.09131312,50.63821606,10.09427335,5.589564797,1.322668409,2.585254149
406,92.84000364,79.11592309,63.11863685,50.69544956,10.11076105,5.590545837,1.346024878,2.59518592
407,92.84472804,79.09190116,63.21029946,50.75282929,10.14288008,5.605335631,1.367487509,2.606861371
408,92.80297415,79.0906102,63.24074862,50.75878641,10.15696504,5.611770239,1.374561019,2.622360745
409,92.81860028,79.09768431,63.25087065,50.73353882,10.17248486,5.623218302,1.407647319,2.630218793
410,92.92076179,79.18005542,63.2440854,50.70944186,10.17019239,5.625989625,1.413666612,2.640217018
411,92.96114534,79.21314046,63.21625741,50.71519055,10.15515472,5.638970772,1.420583954,2.649991646
412,93.01387453,79.25778862,63.2129434,50.72022834,10.1445312,5.620943248,1.40553489,2.650623264
413,92.97719588,79.26845689,63.16177928,50.64775336,10.10350215,5.581970945,1.378155207,2.64577885
414,92.90398984,79.21340615,63.22584512,50.70396672,10.10982915,5.580846031,1.367033414,2.644986004
415,92.9021283,79.16660975,63.33314787,50.76372137,10.13161925,5.581005767,1.371951744,2.653088643
416,92.89361764,79.13167717,63.38679381,50.82798069,10.13083664,5.587840617,1.383234151,2.644253194
417,92.98063655,79.16543001,63.45161074,50.8838739,10.14053057,5.603064211,1.395320217,2.657430265
418,93.00123321,79.23129409,63.47017019,50.92250005,10.14232998,5.593727699,1.412666931,2.672038668
419,93.06731237,79.41330967,63.51508327,50.98043196,10.1320965,5.590903147,1.415429484,2.686114781
420,93.1197645,79.54366382,63.58298025,51.10010503,10.15863689,5.59877453,1.425663669,2.698968126
421,93.11549769,79.61879577,63.64493605,51.21254356,10.17033615,5.600490842,1.430200024,2.698115587
422,93.19870204,79.70073127,63.75041177,51.2882555,10.17254019,5.620735124,1.436822532,2.707870858
423,93.21289928,79.71407182,63.8555107,51.37908554,10.20230154,5.640914007,1.449703022,2.726510747
424,93.19185718,79.72750337,63.88549746,51.38375343,10.2077374,5.642929581,1.445754195,2.74243073
425,93.21355169,79.72819716,63.90318641,51.36899592,10.20997224,5.658273402,1.435037187,2.754259903
426,93.17360332,79.7003452,63.87163556,51.33720359,10.21662499,5.654874767,1.435014578,2.755272269
427,93.17430052,79.65819729,63.71107792,51.20193004,10.19196842,5.639530929,1.428755561,2.744365706
428,93.14548976,79.57486489,63.61033783,51.12138711,10.17929711,5.634251833,1.432325997,2.738554591
429,93.12684971,79.51927402,63.56982659,51.10852886,10.19326362,5.631131486,1.444438975,2.741134624
430,93.08642414,79.44108653,63.50694017,51.08421027,10.17270559,5.616987819,1.41414047,2.725439687
431,93.07674579,79.42100903,63.50904527,51.09561468,10.16621244,5.60965779,1.406089887,2.724001636
432,93.15091118,79.46124622,63.53823183,51.09893392,10.16658376,5.612782297,1.406445934,2.727368195
433,93.14415781,79.47052966,63.5332721,51.09847284,10.16610397,5.630954108,1.433641588,2.737305411
434,93.20779998,79.50652826,63.51968729,51.06652091,10.18660887,5.652956708,1.463963269,2.75543218
435,93.25630815,79.51343658,63.51166494,51.05706023,10.19801845,5.658491379,1.490439093,2.755479718
436,93.24033971,79.47008046,63.45800344,51.03229958,10.20461914,5.672237035,1.49731157,2.759453349
437,93.27722676,79.49576004,63.41137446,51.00847539,10.19625467,5.649415757,1.482929515,2.756155384
438,93.30452329,79.54482369,63.39381901,51.01830916,10.18385854,5.632272123,1.472648128,2.755082139
439,93.22771663,79.52715211,63.42261832,51.04205725,10.16804468,5.629589412,1.454379546,2.759810409
440,93.20509134,79.57649552,63.48348333,51.10858614,10.15202977,5.616957336,1.448539477,2.763472959
441,93.22486375,79.58928876,63.57166018,51.1690334,10.1639064,5.6249432,1.453832225,2.780065661
442,93.20686095,79.59413074,63.63627402,51.20055952,10.1829856,5.629505811,1.461319537,2.79034213
443,93.21639072,79.62882687,63.68207541,51.2646927,10.2006127,5.628258434,1.460768839,2.789624648
444,93.24955214,79.61812936,63.71348486,51.25637921,10.20501365,5.629520774,1.464969301,2.791295628
445,93.25195884,79.62449894,63.70439919,51.2868041,10.21205314,5.634578658,1.470197801,2.794927157
446,93.2792628,79.67842766,63.75146352,51.37630942,10.22792091,5.65388766,1.481151548,2.814640303
447,93.36499998,79.74322341,63.79968832,51.41127039,10.23357279,5.666411683,1.492522398,2.828842961
448,93.38622702,79.76667424,63.83082426,51.46013741,10.24638387,5.667934437,1.494850424,2.833371886
449,93.36121946,79.74572282,63.83610575,51.41978447,10.26453893,5.669869895,1.503445272,2.838394424
450,93.32934375,79.66746354,63.80705556,51.354388,10.25734727,5.654051943,1.498551036,2.830190113
451,93.22112852,79.55685868,63.75338459,51.3165544,10.26249007,5.65241237,1.497007015,2.828458084
452,93.21430983,79.53245965,63.69855785,51.26624381,10.25703454,5.650231728,1.497108105,2.826536233
453,93.24364977,79.52003841,63.71822779,51.28361324,10.24134176,5.646220127,1.488694278,2.82193559
454,93.24710785,79.53360363,63.64101951,51.2456236,10.23698531,5.654656634,1.48648113,2.825301743
455,93.31481217,79.5598772,63.63196358,51.19777685,10.23933515,5.651005141,1.480908622,2.829833648
456,93.28134756,79.54190296,63.63338751,51.2014929,10.23514145,5.650618184,1.470662903,2.8271624
457,93.25885581,79.57168635,63.63048143,51.20605176,10.21980421,5.64410068,1.464219236,2.820823399
458,93.33760527,79.67352717,63.73842353,51.32131706,10.23260012,5.649925271,1.468037807,2.826955571
459,93.38947837,79.78444725,63.80241669,51.42938402,10.24544832,5.664267523,1.477270417,2.84043753
460,93.47578127,79.86548199,63.88517064,51.5269938,10.27835137,5.686004521,1.49980375,2.868652558
461,93.53131146,79.90900225,63.88594921,51.54360064,10.28814071,5.691186266,1.502776825,2.86921155
462,93.51736161,79.86250024,63.80146331,51.44394281,10.28230591,5.69046248,1.518443663,2.867414671
463,93.41237196,79.73614199,63.69897151,51.34241371,10.27295001,5.684817074,1.527938834,2.856283882
464,93.34264353,79.65100233,63.5569207,51.21390684,10.23848929,5.668446522,1.51633304,2.836729892
465,93.25102426,79.56123608,63.48794965,51.15020155,10.2472533,5.682672073,1.528401641,2.849672348
466,93.27509178,79.55553089,63.50274953,51.1742886,10.24624935,5.681133468,1.513877134,2.855105258
467,93.34611854,79.54946626,63.49803988,51.16516575,10.26217353,5.691812598,1.516705888,2.867763297
468,93.34430526,79.5406358,63.46805789,51.14461554,10.26573186,5.691440762,1.517809754,2.880199969
469,93.38141081,79.51076421,63.50098506,51.14103595,10.25562533,5.681180255,1.500002474,2.887817711
470,93.36151781,79.42748435,63.476539,51.08496106,10.25158229,5.677330044,1.492234257,2.882725142
471,93.38959239,79.44631176,63.4679344,51.09815565,10.23474641,5.649335933,1.473990106,2.865441862
472,93.47873131,79.50655571,63.44861447,51.10104974,10.2639103,5.662981896,1.481342112,2.868744599
473,93.412751,79.49120084,63.46954313,51.16732353,10.27486823,5.677079766,1.496009467,2.882793157
474,93.44272682,79.5425927,63.45136709,51.20611164,10.28666662,5.68324792,1.504962335,2.890507244
475,93.46138464,79.56476625,63.46227042,51.1847373,10.29462528,5.685653979,1.505642473,2.894761112
476,93.37356854,79.51267622,63.54044825,51.19946809,10.29223674,5.672839781,1.506757949,2.878234025
477,93.40146542,79.56807394,63.54342941,51.17714112,10.29685113,5.660070582,1.503985423,2.857479738
478,93.3427888,79.53963521,63.60862368,51.21653452,10.29106131,5.666399646,1.504431611,2.857740939
479,93.28984452,79.48412657,63.66736096,51.25153793,10.29257157,5.681123084,1.508084272,2.867586612
480,93.29556532,79.51369051,63.72899891,51.3061559,10.2655127,5.674228399,1.498809399,2.882678712
481,93.52585911,79.92518377,64.07799711,51.63380335,10.31059344,5.693076431,1.507005109,2.906086013
482,94.59021229,82.51661225,66.86981675,54.0833994,10.79682146,5.957463132,1.606382238,3.06606758
483,95.59365219,85.19520427,70.13427059,56.99842359,11.41432589,6.284868727,1.717308036,3.253394725
484,96.25906988,86.86805201,71.9618394,58.59757817,11.75501441,6.472832981,1.778716498,3.354375452
485,96.69623392,87.91715159,73.03151076,59.52011441,11.94965328,6.583854721,1.816500508,3.416640838
486,96.58164526,87.53053501,72.45198493,58.97878881,11.85979312,6.529171059,1.799268667,3.386344035
487,96.30122022,86.39559135,70.73976371,57.43918906,11.53706317,6.359096912,1.744757534,3.294629894
488,95.90192563,85.12173805,69.25209963,56.15042479,11.28081311,6.223767755,1.70466536,3.223510939
489,95.50021925,83.99147074,68.07618126,55.14623811,11.08108734,6.106549499,1.67150251,3.167408466
490,95.13362143,82.93882316,66.97000309,54.22004451,10.88403362,6.002964072,1.647895957,3.121841639
491,94.79239174,82.13593368,66.18073854,53.57381532,10.75383401,5.933536857,1.642263499,3.10082888
492,94.60237038,81.70247407,65.73760737,53.19646386,10.69158729,5.898443424,1.645239744,3.094304592
493,94.27827863,81.16501719,65.21316385,52.7552497,10.61645316,5.85973161,1.644352596,3.078185927
494,93.906201,80.44505645,64.51367764,52.15194078,10.50875649,5.798723708,1.615054545,3.040767365
495,93.60978991,79.85367153,63.90476772,51.61140068,10.39589257,5.736582453,1.58518371,3.006598197
496,93.4897682,79.69456225,63.72612093,51.4447794,10.34816799,5.70908577,1.573066549,2.993090603
497,93.5341302,79.68243501,63.67601303,51.41692039,10.33664543,5.707604621,1.563003875,3.00259103
498,93.51353153,79.73377235,63.63710887,51.39171546,10.31372433,5.698544658,1.561053113,2.999368001
499,93.50571088,79.70974741,63.57694995,51.35899837,10.32085667,5.690515426,1.549276567,2.983904397
500,93.5114601,79.65308103,63.57082164,51.3617031,10.34878252,5.702988873,1.544022306,2.979227929
501,93.50873916,79.6250126,63.54343863,51.30636043,10.33649788,5.690321324,1.526039649,2.955542732
502,93.50752357,79.57721336,63.55726921,51.29525052,10.35349204,5.710834816,1.53607862,2.963783712
503,93.47651833,79.56432865,63.6110211,51.29534468,10.35418439,5.717755494,1.546957494,2.977425076
504,93.5136265,79.58870218,63.5941922,51.29022908,10.34226784,5.710259183,1.549974956,2.986362958
505,93.54186033,79.60806735,63.60798731,51.30989222,10.36966031,5.715035375,1.567277663,3.003192995
506,93.54002601,79.59577277,63.58887278,51.34639917,10.38314875,5.712660432,1.578030305,2.999752937
507,93.54083276,79.60609561,63.53600857,51.31941242,10.37540767,5.707551141,1.582938655,3.000719117
508,93.53365621,79.61189524,63.5598889,51.31243449,10.37243672,5.697292524,1.574676663,2.992706913
509,93.57416019,79.62788056,63.61481393,51.32955902,10.36178713,5.699944671,1.572419641,3.003595329
510,93.64960745,79.68194596,63.64807546,51.35728031,10.36015479,5.706610919,1.580722466,3.013621403
511,93.72132945,79.74975307,63.68164617,51.37806632,10.3656167,5.714272561,1.58541873,3.017505623
512,93.727408,79.75798476,63.66303913,51.40485137,10.36684833,5.712945895,1.589005954,3.01802098
513,93.74660941,79.79613608,63.64811105,51.41333177,10.35284431,5.705060106,1.581164808,3.001940423
514,93.74476008,79.82000283,63.60382156,51.40557256,10.34085127,5.690251451,1.558301923,2.997813441
515,93.73221976,79.80361368,63.59784516,51.41668578,10.33792953,5.684955422,1.555701417,3.00138614
516,93.65232304,79.81173202,63.68063711,51.46744394,10.3443569,5.697966331,1.555503506,3.016030834
517,93.68644687,79.87643117,63.75234787,51.52957336,10.3670186,5.709084053,1.567929943,3.033319276
518,93.74730142,79.96373059,63.86451512,51.59402395,10.36877166,5.711275608,1.578235178,3.036019772
519,93.75391302,79.98098175,63.8738765,51.61339185,10.3851374,5.727730319,1.59628084,3.040525476
520,93.79913968,80.00385255,63.82951739,51.59455475,10.39346878,5.734708544,1.618611738,3.045888466
521,93.67753793,79.91270581,63.78562498,51.55663758,10.38696018,5.737740152,1.609323628,3.038080077
522,93.55068408,79.75616867,63.73934618,51.49523676,10.40048618,5.755148557,1.61409417,3.048020508
523,93.56378657,79.76501819,63.72689623,51.49076136,10.39157288,5.732803079,1.59910365,3.045020954
524,93.68710868,79.90043117,63.85068446,51.58487398,10.40694666,5.747244737,1.600225431,3.061219068
525,93.88538973,80.1947914,64.104903,51.83976209,10.46317531,5.772733638,1.623704802,3.093941811
526,94.40696473,81.18949563,65.11997248,52.72944742,10.63713302,5.851238608,1.651008545,3.147252884
527,95.25159495,83.50812926,67.75012377,55.01602357,11.11821076,6.114527131,1.728982504,3.301551149
528,95.99114979,85.55473157,70.11976951,57.08558768,11.549297,6.344099775,1.795330864,3.427278627
529,96.38160932,86.4352248,70.97202529,57.80718912,11.7074728,6.432698185,1.826268643,3.479610503
530,96.20747033,86.00571024,70.51022569,57.41940389,11.63394292,6.402449538,1.816600602,3.467756498
531,95.5897286,84.23942483,68.46337408,55.63520301,11.27228917,6.197554518,1.762578108,3.362410693
532,94.98406498,82.50158201,66.48614576,53.91377119,10.91784356,5.995182915,1.704385334,3.261436083
533,94.55843782,81.60049325,65.63592605,53.18282224,10.77273682,5.925238824,1.688280771,3.225688197
534,94.32600836,81.22459067,65.32375206,52.91856347,10.70972267,5.891913608,1.675914156,3.205908615
535,94.17434457,80.92262401,64.97935815,52.61251373,10.65150572,5.878606752,1.677644609,3.198696071
536,93.94644996,80.45864127,64.51551791,52.23587311,10.56559728,5.836276026,1.666351392,3.175566961
537,93.86033904,80.22848742,64.24661194,52.00807445,10.51678354,5.815529076,1.659501247,3.162821082
538,93.86446343,80.16122103,64.12620225,51.91777267,10.49404159,5.80789481,1.663080045,3.159622452
539,93.87653856,80.18025534,64.14861323,51.9636263,10.48627273,5.803158995,1.648722415,3.149087627
540,94.09997109,80.61022546,64.57620136,52.30880748,10.54193773,5.829162253,1.651526685,3.16684199
541,94.33334811,81.05287601,64.98124452,52.69311338,10.62872172,5.858269091,1.66662502,3.19670935
542,94.38949292,81.19963058,65.09079741,52.80647083,10.66675163,5.879724411,1.681073717,3.216911236
543,94.27317032,81.06212024,64.93194544,52.66892891,10.65582356,5.857787149,1.678048525,3.215507501
544,93.98480686,80.59854127,64.44711333,52.25099858,10.58873722,5.813195375,1.669224326,3.191393098
545,93.76603167,80.1528638,63.99978926,51.83739323,10.48756786,5.761686379,1.641361085,3.15545446
546,93.60531316,79.89750451,63.79141768,51.65111665,10.44122326,5.745257577,1.638382821,3.143999827
547,93.63369642,79.83018627,63.71238909,51.59126336,10.42647409,5.754960812,1.644054808,3.148803887
548,93.62965287,79.74394201,63.6131565,51.50416949,10.41225327,5.758041776,1.646544497,3.159367149
549,93.56724714,79.65240646,63.50508027,51.38403408,10.41618791,5.752532004,1.651209794,3.155965395
550,93.63071954,79.61582445,63.41722599,51.30144457,10.41063384,5.738996792,1.63973633,3.140784382
551,93.57540557,79.56715348,63.40284942,51.24071467,10.42430251,5.752078353,1.650943703,3.15241489
552,93.56908587,79.56595818,63.41042401,51.23217022,10.4254527,5.764019204,1.649032802,3.151764396
553,93.56913521,79.57432764,63.40142077,51.2582514,10.43452628,5.772009623,1.649439325,3.156341362
554,93.48398686,79.50155802,63.44670731,51.27185133,10.43890647,5.774540792,1.636512825,3.154984065
555,93.55549675,79.54542018,63.43232928,51.29563236,10.4466594,5.742771154,1.619230287,3.138409203
556,93.54453128,79.49604764,63.42821685,51.27367173,10.45842584,5.746967365,1.613839318,3.130840944
557,93.53272755,79.48022861,63.42086444,51.22986653,10.44908576,5.738501577,1.604301719,3.134291454
558,93.48299359,79.48078673,63.3920348,51.19774035,10.44770248,5.746253597,1.60735629,3.131220345
559,93.48000684,79.47507498,63.36770647,51.15725524,10.44152486,5.770878647,1.627433855,3.137157549
560,93.53212733,79.58250433,63.342163,51.14128267,10.43938567,5.769196333,1.635345667,3.132622
561,93.52473381,79.54972515,63.37791445,51.19485774,10.4498204,5.78391575,1.638711553,3.124801326
562,93.59582449,79.57698729,63.40676422,51.22078963,10.45094751,5.763049609,1.632172413,3.118052721
563,93.5844007,79.56278803,63.38750436,51.21544929,10.4327777,5.743881557,1.619155622,3.113428041
564,93.62399131,79.56259793,63.44252871,51.24690479,10.43751382,5.728013648,1.613978919,3.132625853
565,93.64075115,79.60549844,63.43509977,51.20924274,10.42969668,5.707240815,1.614796704,3.148607091
566,93.6096223,79.58736366,63.407355,51.20916438,10.44310727,5.732094982,1.631143483,3.16112354
567,93.60935811,79.60680892,63.39485437,51.2169535,10.44833126,5.727029353,1.62175808,3.159314784
568,93.58007683,79.55745878,63.36091486,51.23374831,10.44392848,5.733764258,1.617513965,3.155691608
569,93.65104136,79.59697778,63.35990852,51.28257591,10.44271383,5.733826416,1.609551246,3.157211344
570,93.64433651,79.62710125,63.36911545,51.30726844,10.43070955,5.730130665,1.610852299,3.170312679
571,93.65482397,79.65238394,63.42972078,51.30381772,10.44248303,5.744069504,1.626835352,3.189895115
572,93.6309002,79.66513401,63.46519714,51.31406458,10.46197928,5.747940224,1.645754291,3.200341441
573,93.6189579,79.70368635,63.46297009,51.32861082,10.47371015,5.753370184,1.655062586,3.203203701
574,93.6653749,79.71875558,63.41736689,51.26488354,10.48097434,5.77313752,1.672649826,3.218439315
575,93.70277892,79.72519818,63.38119114,51.27222516,10.48872172,5.784128313,1.681890534,3.225773742
576,93.74348856,79.76643286,63.32542634,51.22310108,10.49581457,5.79279413,1.688393881,3.218004066
577,93.77343041,79.73276934,63.30773722,51.20643898,10.51597649,5.817752178,1.703727969,3.247146848
578,93.71106445,79.69293656,63.32388771,51.21793851,10.51637797,5.798160439,1.66345016,3.221384038
579,93.63090529,79.61735423,63.32421887,51.20259373,10.51493311,5.800100992,1.642520949,3.217015438
580,93.60504596,79.58598634,63.27460242,51.1749057,10.51660843,5.805658663,1.633495965,3.227195516
581,93.50093324,79.58208669,63.2866169,51.11893454,10.51476591,5.793643706,1.620757372,3.198786075
582,93.53650527,79.55365283,63.22451157,51.08635194,10.52076549,5.798286063,1.636524757,3.193017265
583,93.59963425,79.57868933,63.22123725,51.09255299,10.52927707,5.805154825,1.651579582,3.200193265
584,93.64499899,79.59647828,63.24620435,51.12497259,10.53926879,5.800978455,1.637255531,3.180922104
585,93.75374263,79.60395788,63.17286839,51.11967789,10.52739672,5.792580775,1.633586397,3.179158952
586,93.74141819,79.62676683,63.25170526,51.1602383,10.54124202,5.787916516,1.625994214,3.195265729
587,93.65819428,79.61143702,63.23655676,51.14128907,10.55759601,5.801661204,1.643493897,3.225200261
588,93.65963304,79.63368176,63.26881164,51.12703371,10.55269423,5.811702822,1.652800554,3.254585824
589,93.66530561,79.69012926,63.26242613,51.09629137,10.5432477,5.819470248,1.651722451,3.246666782
590,93.70047881,79.6825771,63.19069387,51.03108707,10.52303604,5.81877012,1.657324022,3.254845052
591,93.77033859,79.70883677,63.21053997,51.05265876,10.52138783,5.828038318,1.685087185,3.277423321
592,93.67592109,79.67841361,63.17528848,51.0912856,10.54340205,5.825068827,1.699925863,3.284453467
593,93.7178102,79.67966448,63.20351619,51.15259933,10.57321407,5.832612318,1.717641417,3.306626351
594,93.72346226,79.7605611,63.20699463,51.17796465,10.59178239,5.834179149,1.727381607,3.308561491
595,93.69902979,79.77233835,63.19701873,51.17148711,10.56543676,5.797256601,1.691464048,3.266185624
596,93.68083016,79.73875953,63.21167556,51.19188794,10.55204964,5.802911693,1.690549891,3.280201562
597,93.68838006,79.78209761,63.16890524,51.19374735,10.53859647,5.802037249,1.678188936,3.273846632
598,93.6541693,79.74168394,63.15126637,51.18738316,10.54555263,5.79643582,1.669036044,3.253275878
599,93.70068045,79.7288815,63.09610545,51.15941505,10.56354675,5.814653447,1.667671238,3.270686538
600,93.66899441,79.6847468,63.01572166,51.07660093,10.5341897,5.804298984,1.650880237,3.260492754
601,93.5311368,79.55735834,63.02914907,51.03788875,10.52985114,5.805324952,1.65293605,3.265543656
602,93.59461429,79.63299943,63.06689322,51.04893775,10.52251016,5.808792173,1.672383656,3.280280928
603,93.62867525,79.67770786,63.09971591,51.07503806,10.52649439,5.810582873,1.686075426,3.280129177
604,93.69629801,79.78836926,63.23584801,51.16684987,10.5574196,5.824625122,1.722377219,3.31143839
605,93.72201675,79.73919419,63.2102127,51.17068155,10.55794021,5.819013643,1.723451146,3.326703488
606,93.73660782,79.70688183,63.20405975,51.19445564,10.56819849,5.818924821,1.706433422,3.323503222
607,93.78219187,79.67226382,63.18318112,51.16188756,10.56260749,5.815884558,1.693795301,3.341014942
608,93.80986417,79.71848439,63.15067885,51.14580531,10.56349132,5.797976737,1.66612463,3.298637715
609,93.80694668,79.77886491,63.19386189,51.13038299,10.57460508,5.811378768,1.689990981,3.293028237
610,93.80614974,79.82687194,63.19211971,51.0959391,10.57253043,5.81929779,1.706445639,3.277117411
611,93.6655183,79.73857236,63.19663787,51.09387477,10.54727776,5.791865714,1.67666692,3.234222747
612,93.74225334,79.70317545,63.2042252,51.11499668,10.50922434,5.766566957,1.644117489,3.215160468
613,93.75989,79.64313866,63.18184399,51.1444906,10.52090359,5.750583895,1.611187886,3.213921305
614,93.73154132,79.60840332,63.17940963,51.10649002,10.52292354,5.769814193,1.623081507,3.241444585
615,93.73146284,79.56599012,63.13326051,51.11208689,10.56402816,5.783396968,1.635521832,3.288597912
616,93.52947997,79.47924141,63.19689699,51.12326559,10.62580566,5.826083745,1.676890676,3.320532897
617,93.53014091,79.47568079,63.2123662,51.12870463,10.6160919,5.819481658,1.674974346,3.321660041
618,93.53165801,79.51135045,63.18369939,51.0934991,10.61142439,5.818945222,1.668410706,3.343355839
619,93.53666691,79.53823161,63.1691842,51.09785782,10.57624598,5.805856447,1.656812862,3.313234006
620,93.56495897,79.60549577,63.09061251,51.07533054,10.57163584,5.815135868,1.63505512,3.31049523
621,93.54817234,79.55254878,63.06805262,51.0786931,10.58569067,5.795071722,1.629645702,3.291385906
622,93.60939703,79.5651264,63.11860052,51.12229434,10.61850918,5.795725175,1.614300517,3.26525373
623,93.59989557,79.58575921,63.15109812,51.15464786,10.66097065,5.809129147,1.635942966,3.26915254
624,93.64789925,79.64964656,63.21512548,51.20363583,10.633786,5.787183203,1.64088227,3.269571498
625,93.60849191,79.64219209,63.18492785,51.12554694,10.59661715,5.768074601,1.627206589,3.258217811
626,93.6174795,79.6799778,63.17240666,51.0894144,10.60393783,5.778053676,1.656010349,3.294578777
627,93.66023778,79.64811653,63.18027882,51.06909146,10.60114824,5.772100309,1.656634281,3.313818541
628,93.74475989,79.60101782,63.1338013,51.03133644,10.62468795,5.778502359,1.651013189,3.306038151
629,93.85883848,79.68681211,63.13988171,51.08799899,10.64847405,5.799742986,1.685494032,3.332077795
630,93.77693972,79.64461212,63.15248,51.0935478,10.63880304,5.793081101,1.676274412,3.304420041
631,93.65449381,79.56658713,63.12017822,51.08453668,10.65917377,5.822371051,1.692777877,3.321870729
632,93.53106327,79.52783199,63.17239169,51.11933276,10.65990504,5.839470035,1.690464704,3.314809818
633,93.42945936,79.39907521,63.14343357,51.11726546,10.65272626,5.844770367,1.658719578,3.303531917
634,93.53985193,79.46065361,63.17174877,51.18963601,10.64510702,5.840871489,1.651344611,3.308047791
635,93.57496343,79.46247237,63.22276698,51.21046516,10.6659145,5.841997448,1.676188354,3.324588949
636,93.61663404,79.49120512,63.14383683,51.19792634,10.67375622,5.855582732,1.665318347,3.319869075
637,93.60776745,79.51803431,63.16506999,51.2052871,10.65481431,5.831601871,1.637157743,3.27030918
638,93.60727091,79.58694155,63.17381273,51.15367889,10.66032628,5.848840294,1.637013645,3.28701106
639,93.66357745,79.65770526,63.15430079,51.23935617,10.65122766,5.851265545,1.646447884,3.322252912
640,93.68494472,79.56448853,63.19762906,51.24563587,10.66436119,5.850687733,1.675427685,3.361063212
641,93.59179691,79.46675022,63.10308994,51.23671357,10.6973269,5.841135759,1.696534575,3.388962487
642,93.51442961,79.4139568,63.0764527,51.25764566,10.69428071,5.814912168,1.684369217,3.364720034
643,93.51824066,79.4306088,63.1008506,51.19826712,10.72409776,5.819053253,1.671721414,3.326155913
644,93.6424824,79.57732998,63.10158163,51.2103957,10.71782242,5.832156381,1.674887932,3.310350307
645,93.81882847,79.71963204,63.15340919,51.1800361,10.70791993,5.828417808,1.659219372,3.290420378
646,93.83054466,79.66932166,63.12699531,51.17890271,10.67642721,5.812304259,1.628467749,3.258522119
647,93.79620022,79.7153055,63.22787135,51.29728436,10.66111016,5.744917919,1.5723171,3.201657323
648,93.68491712,79.66029137,63.24427581,51.29464134,10.68162111,5.817893501,1.612654362,3.240667048
649,93.63065373,79.62283779,63.191685,51.24825224,10.68265425,5.846145865,1.626293563,3.26465052
650,93.56835909,79.56579015,63.15193933,51.1785175,10.69712183,5.869437815,1.634233088,3.316669253
651,93.51451315,79.50108213,63.09261768,51.11955714,10.66853444,5.882854565,1.630579077,3.323385539
652,93.56687746,79.52821506,63.06159094,51.09785749,10.64250699,5.836625243,1.599206014,3.353308821
653,93.60528528,79.45224553,63.09431675,51.09454775,10.62642518,5.818839259,1.590375749,3.321309235
654,93.68170278,79.5867541,63.12435927,51.06322458,10.64031645,5.804045306,1.602508821,3.283971459
655,93.59732818,79.53591181,63.18267623,51.06961981,10.62257985,5.754714012,1.595114044,3.251717677
656,93.71386489,79.5861802,63.15457555,51.03919823,10.69564994,5.810115304,1.678579935,3.290777208
657,93.6733917,79.57807173,63.24710368,51.12174329,10.75597817,5.852236689,1.720161386,3.363868912
658,93.7723461,79.61466806,63.24075826,51.18125018,10.77651632,5.923371859,1.776034576,3.438541469
659,93.74563044,79.64850732,63.19647881,51.14676818,10.79269206,5.941149669,1.801251781,3.508951276
660,93.61089719,79.53566714,63.10167526,51.10272014,10.73946499,5.919813089,1.762591434,3.497985571
661,93.65065952,79.63551678,63.08475622,51.104028,10.77414587,5.886513037,1.734422642,3.474428307
662,93.59634834,79.61495097,63.00350884,51.01782401,10.85643958,5.939866318,1.855812161,3.528278525
663,93.61928866,79.67681369,62.94671895,51.09021558,10.84053171,5.937260176,1.861533947,3.484599368
664,93.56290967,79.65163583,63.0442891,51.16095316,10.86063403,5.930903393,1.876655918,3.502682663
665,93.38329035,79.51831473,63.1099799,51.2175688,10.79419953,5.903330731,1.816173862,3.459279628
666,93.40581454,79.43618419,63.21270309,51.24684887,10.68577729,5.843587179,1.666894065,3.410459999
667,93.40703654,79.40537007,63.26004366,51.24010183,10.70764625,5.855232453,1.627388693,3.421929264
668,93.53849314,79.3890068,63.17763439,51.2411815,10.70378741,5.839619229,1.579806195,3.389922243
669,93.65146725,79.48568883,63.22964585,51.28122199,10.76350162,5.868001964,1.598022649,3.402620414
670,93.6034153,79.46716034,63.25723845,51.27464182,10.82018298,5.899815846,1.609526458,3.410098478
671,93.62299731,79.48021513,63.24050932,51.24680434,10.80159606,5.854848006,1.626030745,3.375933683
672,93.65484146,79.51414663,63.33225078,51.27881206,10.81579782,5.908216808,1.665030919,3.446561396
673,93.58723719,79.44533719,63.33486559,51.34323397,10.78895171,5.859439239,1.637172076,3.416106445
674,93.67484184,79.5648476,63.36314674,51.38282217,10.79696554,5.888410751,1.665010544,3.419312853
675,93.56719465,79.57901721,63.39590891,51.40916342,10.82781973,5.903954394,1.680838436,3.419977272
676,93.54610094,79.55262965,63.43590517,51.39301851,10.83494441,5.891955199,1.670822969,3.415511594
677,93.50799763,79.47929241,63.42699845,51.43243957,10.87828423,5.926181269,1.722577585,3.460234739
678,93.58832614,79.50205304,63.34399162,51.36853988,10.83951695,5.889896578,1.657377827,3.482789501
679,93.6256079,79.47612779,63.25508063,51.3371948,10.8067528,5.881718003,1.652417198,3.475256659
680,93.59351246,79.46482153,63.22331459,51.30014987,10.76181463,5.838175491,1.690484013,3.440365365
681,93.40141534,79.38139049,63.09425704,51.22979579,10.71308663,5.818090791,1.666014871,3.384859856
682,93.351771,79.40861606,63.10520326,51.25434053,10.72972297,5.825780287,1.690459115,3.361581881
683,93.36194046,79.47905324,63.1213022,51.28535562,10.75688688,5.860260628,1.680041604,3.374813464
684,93.34797644,79.37954378,63.09089285,51.20121138,10.73726866,5.900590973,1.630204545,3.342481585
685,93.36483708,79.39520903,63.11172655,51.21666827,10.73150312,5.858475116,1.569792349,3.33427458
686,93.24658512,79.26504831,63.16898528,51.29508563,10.72988575,5.855549237,1.580011897,3.369920426
687,93.23409205,79.3291882,63.07641972,51.23996957,10.75121322,5.828517346,1.611987953,3.367942948
688,93.28618863,79.34308158,63.06052614,51.24060836,10.75954583,5.829628611,1.621500862,3.387511829
689,93.37527572,79.322357,63.00805263,51.18423316,10.78035477,5.852793465,1.643644279,3.399772411
690,93.47773472,79.4599606,63.0931997,51.220454,10.75443162,5.817105597,1.582603462,3.328671053
691,93.57777969,79.49201411,63.18065991,51.26752574,10.74865964,5.823221234,1.5472998,3.345465799
692,93.67653028,79.66397173,63.36097425,51.3567058,10.81973584,5.802327452,1.548076064,3.280731161
693,93.68566161,79.74808203,63.35627487,51.31591661,10.71132786,5.688766627,1.385386252,3.152561232
694,93.74777419,79.73769067,63.42182153,51.37596159,10.73640332,5.657568388,1.362349065,3.153064811
695,93.73100733,79.70623058,63.35451168,51.42874619,10.81639585,5.740734764,1.435406385,3.263858312
696,93.8064626,79.70755181,63.45121725,51.46051319,10.8483684,5.815291635,1.499374781,3.373147366
697,93.73068068,79.68133672,63.30724842,51.43188223,10.88469168,5.881154236,1.556148392,3.420973939
698,93.78696802,79.74980412,63.15173669,51.29488246,10.77853208,5.833636888,1.514691638,3.401359814
699,93.52459605,79.65109507,63.13247769,51.2924716,10.71950111,5.81085731,1.495481822,3.341201111
700,93.38195687,79.54330202,63.04982261,51.19514654,10.73461128,5.840262355,1.537775132,3.366320918
