wl,U,B,G,R
300,0.000101578057436155,0.000623878403086965,0.000676532728711899,0.000771600056358085
301,0.000135437409914874,0.00060240321022548,0.000632123848599886,0.000697343029846068
302,0.000133069831440019,0.00059682172593298,0.000648167800110023,0.00075926156892736
303,0.000130702252965164,0.00059124024164048,0.00066421175162016,0.000821180108008652
304,0.000128334674490309,0.00058565875734798,0.000680255703130297,0.000883098647089944
305,0.000125967096015453,0.000580077273055479,0.000696299654640434,0.000945017186171236
306,0.000123599517540598,0.000574495788762979,0.000712343606150571,0.00100693572525253
307,0.000162161883012674,0.000511865867406326,0.000647011153239517,0.000885769590934793
308,0.000200724248484749,0.000449235946049673,0.000581678700328463,0.000764603456617057
309,0.000239286613956825,0.00038660602469302,0.000516346247417409,0.000643437322299321
310,0.000247272490501827,0.000390295634713561,0.000507409541826151,0.000646833018582472
311,0.000255258367046828,0.000393985244734101,0.000498472836234894,0.000650228714865623
312,0.00026324424359183,0.000397674854754642,0.000489536130643636,0.000653624411148774
313,0.000271230120136832,0.000401364464775183,0.000480599425052378,0.000657020107431925
314,0.000279215996681834,0.000405054074795723,0.00047166271946112,0.000660415803715076
315,0.000287201873226835,0.000408743684816264,0.000462726013869862,0.000663811499998227
316,0.000264995875462898,0.000392493183645357,0.000451496908736431,0.000631734969603009
317,0.00024278987769896,0.000376242682474451,0.000440267803603,0.00059965843920779
318,0.000220583879935022,0.000359992181303545,0.000429038698469568,0.000567581908812572
319,0.000198377882171085,0.000343741680132639,0.000417809593336137,0.000535505378417354
320,0.000176171884407147,0.000327491178961733,0.000406580488202705,0.000503428848022136
321,0.00015396588664321,0.000311240677790826,0.000395351383069274,0.000471352317626918
322,0.000262148248001711,0.000315747492104624,0.00039592632437479,0.000513543372397765
323,0.000370330609360212,0.000320254306418422,0.000396501265680307,0.000555734427168612
324,0.000478512970718712,0.00032476112073222,0.000397076206985823,0.00059792548193946
325,0.000557698544260364,0.000315237875483898,0.000388049540025164,0.000564734471858747
326,0.000636884117802015,0.000305714630235576,0.000379022873064504,0.000531543461778033
327,0.000716069691343666,0.000296191384987254,0.000369996206103845,0.00049835245169732
328,0.000795255264885317,0.000286668139738933,0.000360969539143186,0.000465161441616607
329,0.000874440838426969,0.000277144894490611,0.000351942872182527,0.000431970431535894
330,0.00095362641196862,0.000267621649242289,0.000342916205221867,0.000398779421455181
331,0.00103281198551027,0.000258098403993967,0.000333889538261208,0.000365588411374468
332,0.00134397125087191,0.000287561637327338,0.000362542783614697,0.000443342273982726
333,0.00165513051623354,0.000317024870660709,0.000391196028968185,0.000521096136590984
334,0.00196628978159518,0.000346488103994081,0.000419849274321674,0.000598849999199243
335,0.00240194685813094,0.000339091276620841,0.000398489805745063,0.000561317575581958
336,0.00283760393466671,0.000331694449247602,0.000377130337168452,0.000523785151964674
337,0.00327326101120248,0.000324297621874362,0.000355770868591841,0.000486252728347389
338,0.00370891808773824,0.000316900794501123,0.000334411400015229,0.000448720304730104
339,0.00414457516427401,0.000309503967127883,0.000313051931438618,0.00041118788111282
340,0.00578644073179784,0.000305862755525051,0.000315733546436471,0.000418195834288979
341,0.00742830629932167,0.00030222154392222,0.000318415161434323,0.000425203787465138
342,0.0090701718668455,0.000298580332319388,0.000321096776432176,0.000432211740641297
343,0.0107120374343693,0.000294939120716556,0.000323778391430029,0.000439219693817456
344,0.0123539030018932,0.000291297909113725,0.000326460006427881,0.000446227646993614
345,0.013995768569417,0.000287656697510893,0.000329141621425734,0.000453235600169773
346,0.0156376341369408,0.000284015485908061,0.000331823236423587,0.000460243553345932
347,0.0177827512418454,0.000283388828670836,0.000328167784305154,0.000430467681973877
348,0.0199278683467499,0.00028276217143361,0.000324512332186721,0.000400691810601821
349,0.0220729854516545,0.000282135514196384,0.000320856880068288,0.000370915939229765
350,0.024218102556559,0.000281508856959158,0.000317201427949855,0.00034114006785771
351,0.024932874217189,0.000280602059849742,0.000310715122119557,0.000350027543841249
352,0.0256476458778189,0.000279695262740326,0.000304228816289259,0.000358915019824788
353,0.0263624175384489,0.00027878846563091,0.000297742510458961,0.000367802495808328
354,0.0270771891990788,0.000277881668521493,0.000291256204628662,0.000376689971791867
355,0.0270959462527904,0.000270096414109297,0.000283292948845092,0.000367714112729896
356,0.027114703306502,0.0002623111596971,0.000275329693061522,0.000358738253667925
357,0.0271334603602136,0.000254525905284903,0.000267366437277951,0.000349762394605954
358,0.0271522174139252,0.000246740650872706,0.000259403181494381,0.000340786535543984
359,0.0271709744676368,0.00023895539646051,0.000251439925710811,0.000331810676482013
360,0.0271897315213484,0.000231170142048313,0.00024347666992724,0.000322834817420042
361,0.0274233844540075,0.000221298523663379,0.000239386506931228,0.000329145116867869
362,0.0276570373866666,0.000211426905278444,0.000235296343935215,0.000335455416315695
363,0.0278906903193257,0.000201555286893509,0.000231206180939203,0.000341765715763522
364,0.0281243432519848,0.000191683668508575,0.000227116017943191,0.000348076015211349
365,0.0283579961846439,0.00018181205012364,0.000223025854947178,0.000354386314659175
366,0.0280838383655481,0.000180766824876353,0.000224632872618636,0.000330178601532287
367,0.0278096805464523,0.000179721599629066,0.000226239890290094,0.000305970888405398
368,0.0275355227273565,0.000178676374381779,0.000227846907961553,0.00028176317527851
369,0.0272613649082607,0.000177631149134492,0.000229453925633011,0.000257555462151621
370,0.026987207089165,0.000176585923887205,0.000231060943304469,0.000233347749024733
371,0.0266247562344723,0.000172088581638154,0.000219306756841215,0.000238205390460113
372,0.0262623053797797,0.000167591239389103,0.000207552570377961,0.000243063031895493
373,0.025899854525087,0.000163093897140052,0.000195798383914707,0.000247920673330872
374,0.0255374036703944,0.000158596554891002,0.000184044197451452,0.000252778314766252
375,0.0251749528157017,0.000154099212641951,0.000172290010988198,0.000257635956201632
376,0.0234385225524156,0.00015190091685905,0.000173353128668426,0.000246434034748524
377,0.0217020922891295,0.00014970262107615,0.000174416246348654,0.000235232113295417
378,0.0199656620258433,0.000147504325293249,0.000175479364028882,0.000224030191842309
379,0.0182292317625572,0.000145306029510349,0.00017654248170911,0.000212828270389201
380,0.0152760872012437,0.000142676348631356,0.000171077338484955,0.000212716990435431
381,0.0123229426399302,0.000140046667752364,0.0001656121952608,0.000212605710481661
382,0.00936979807861674,0.000137416986873371,0.000160147052036645,0.000212494430527891
383,0.00641665351730325,0.000134787305994378,0.00015468190881249,0.000212383150574121
384,0.00346350895598976,0.000132157625115386,0.000149216765588335,0.00021227187062035
385,0.000510364394676276,0.000129527944236393,0.00014375162236418,0.00021216059066658
386,0.000408291515741021,0.000123741914538849,0.000140769913997423,0.000206715707910661
387,0.000306218636805766,0.000117955884841304,0.000137788205630665,0.000201270825154743
388,0.000204145757870511,0.000112169855143759,0.000134806497263908,0.000195825942398824
389,0.000102072878935255,0.000106383825446214,0.000131824788897151,0.000190381059642905
390,0,0.00010059779574867,0.000128843080530393,0.000184936176886986
391,0,9.83976919585693E-05,0.000125150098999704,0.000172901324015427
392,0,9.61975881684689E-05,0.000121457117469016,0.000160866471143867
393,0,9.39974843783684E-05,0.000117764135938327,0.000148831618272308
394,0,9.1797380588268E-05,0.000114071154407638,0.000136796765400748
395,0,8.95972767981676E-05,0.00011037817287695,0.000124761912529189
396,0,8.91327862715384E-05,0.000109946489170681,0.000125656848987101
397,0,8.86682957449092E-05,0.000109514805464412,0.000126551785445014
398,0,8.82038052182799E-05,0.000109083121758143,0.000127446721902927
399,0,8.77393146916507E-05,0.000108651438051874,0.000128341658360839
400,0,8.72748241650215E-05,0.000108219754345605,0.000129236594818752
401,0,8.74676935626013E-05,0.000105008280454984,0.000122314206407139
402,0,8.76605629601811E-05,0.000101796806564363,0.000115391817995527
403,0,8.78534323577609E-05,9.8585332673742E-05,0.000108469429583915
404,0,8.80463017553407E-05,9.5373858783121E-05,0.000101547041172302
405,0,8.82391711529204E-05,9.21623848925001E-05,9.46246527606896E-05
406,3.49414780568502E-06,9.49592053061818E-05,9.36959518154983E-05,0.000100658411808659
407,6.98829561137004E-06,0.000101679239459443,9.52295187384964E-05,0.000106692170856629
408,1.04824434170551E-05,0.000108399273612705,9.67630856614946E-05,0.000112725929904598
409,1.39765912227401E-05,0.000115119307765966,9.82966525844928E-05,0.000118759688952568
410,1.74707390284251E-05,0.000121839341919227,9.9830219507491E-05,0.000124793448000537
411,2.01970157597295E-05,0.000182498074250069,0.000105563059985055,0.000133253675839194
412,2.2923292491034E-05,0.000243156806580912,0.000111295900462619,0.000141713903677851
413,2.56495692223384E-05,0.000303815538911754,0.000117028740940183,0.000150174131516509
414,2.83758459536428E-05,0.000364474271242596,0.000122761581417747,0.000158634359355166
415,2.62089076521998E-05,0.000563898465947458,0.000152446369398869,0.000195979320426403
416,2.40419693507567E-05,0.00076332266065232,0.000182131157379991,0.000233324281497641
417,2.18750310493137E-05,0.000962746855357182,0.000211815945361113,0.000270669242568878
418,1.97080927478706E-05,0.00116217105006204,0.000241500733342235,0.000308014203640116
419,1.75411544464276E-05,0.00136159524476691,0.000271185521323358,0.000345359164711353
420,1.53742161449845E-05,0.00156101943947177,0.00030087030930448,0.000382704125782591
421,1.22993729159876E-05,0.00203967966614699,0.000371168399417444,0.000459908173316122
422,9.22452968699072E-06,0.00251833989282221,0.000441466489530408,0.000537112220849653
423,6.14968645799381E-06,0.00299700011949744,0.000511764579643372,0.000614316268383184
424,3.0748432289969E-06,0.00347566034617266,0.000582062669756336,0.000691520315916714
425,0,0.00395432057284789,0.000652360759869299,0.000768724363450245
426,0,0.00440940599401524,0.000723748784438884,0.000815015761677738
427,0,0.00486449141518258,0.000795136809008468,0.000861307159905231
428,0,0.00531957683634993,0.000866524833578052,0.000907598558132723
429,0,0.00577466225751728,0.000937912858147636,0.000953889956360216
430,3.44313683302512E-06,0.00659682778674664,0.00107979481003561,0.00104405808342469
431,6.88627366605023E-06,0.00741899331597599,0.00122167676192359,0.00113422621048917
432,1.03294104990754E-05,0.00824115884520534,0.00136355871381157,0.00122439433755365
433,1.37725473321005E-05,0.00906332437443469,0.00150544066569955,0.00131456246461813
434,1.72156841651256E-05,0.00988548990366405,0.00164732261758752,0.0014047305916826
435,1.4346403470938E-05,0.0101693523007826,0.00170508166720449,0.00141409806724935
436,1.14771227767504E-05,0.0104532146979012,0.00176284071682146,0.0014234655428161
437,8.60784208256279E-06,0.0107370770950197,0.00182059976643843,0.00143283301838285
438,5.7385613883752E-06,0.0110209394921383,0.0018783588160554,0.0014422004939496
439,2.8692806941876E-06,0.0113048018892568,0.00193611786567237,0.00145156796951635
440,0,0.0115886642863754,0.00199387691528934,0.0014609354450831
441,2.30978449633272E-07,0.0117468420653635,0.00204308955801427,0.00144507048196223
442,4.61956899266543E-07,0.0119050198443516,0.00209230220073921,0.00142920551884136
443,6.92935348899815E-07,0.0120631976233397,0.00214151484346414,0.00141334055572049
444,9.23913798533087E-07,0.0122213754023279,0.00219072748618907,0.00139747559259962
445,1.15489224816636E-06,0.012379553181316,0.00223994012891401,0.00138161062947875
446,2.25547566367964E-06,0.012448149460845,0.00227016726414788,0.00135173938010718
447,3.35605907919291E-06,0.012516745740374,0.00230039439938176,0.00132186813073561
448,4.45664249470619E-06,0.012585342019903,0.00233062153461563,0.00129199688136404
449,5.55722591021947E-06,0.012653938299432,0.00236084866984951,0.00126212563199247
450,6.65780932573275E-06,0.012722534578961,0.00239107580508338,0.0012322543826209
451,4.99335699429956E-06,0.012713790385528,0.00244759760337324,0.00120352782083921
452,3.32890466286637E-06,0.0127050461920949,0.0025041194016631,0.00117480125905753
453,1.66445233143319E-06,0.0126963019986618,0.00256064119995296,0.00114607469727584
454,0,0.0126875578052288,0.00261716299824282,0.00111734813549415
455,7.55340224264541E-07,0.0126346467931413,0.0026734889707472,0.00110360185229637
456,1.51068044852908E-06,0.0125817357810539,0.00272981494325159,0.00108985556909859
457,2.26602067279362E-06,0.0125288247689664,0.00278614091575597,0.00107610928590081
458,3.02136089705817E-06,0.012475913756879,0.00284246688826036,0.00106236300270303
459,3.77670112132271E-06,0.0124230027447915,0.00289879286076474,0.00104861671950525
460,3.02136089705816E-06,0.0123748583059329,0.00299305743233298,0.00106170135321972
461,2.26602067279362E-06,0.0123267138670742,0.00308732200390123,0.0010747859869342
462,1.51068044852908E-06,0.0122785694282155,0.00318158657546947,0.00108787062064867
463,7.55340224264541E-07,0.0122304249893568,0.00327585114703771,0.00110095525436314
464,0,0.0121822805504981,0.00337011571860595,0.00111403988807761
465,0,0.0121394713379568,0.00348694169952543,0.00113008691932062
466,0,0.0120966621254155,0.0036037676804449,0.00114613395056362
467,0,0.0120538529128742,0.00372059366136437,0.00116218098180663
468,0,0.0120110437003329,0.00383741964228385,0.00117822801304963
469,0,0.0119682344877916,0.00395424562320332,0.00119427504429263
470,0,0.011822972630808,0.00404178164184204,0.00121276163767451
471,0,0.0116777107738245,0.00412931766048076,0.0012312482310564
472,0,0.011532448916841,0.00421685367911948,0.00124973482443828
473,0,0.0113871870598575,0.0043043896977582,0.00126822141782016
474,0,0.0112419252028739,0.00439192571639692,0.00128670801120204
475,2.8817460621042E-06,0.0110906710167709,0.0044292466465903,0.00128813861984357
476,5.76349212420839E-06,0.0109394168306678,0.00446656757678368,0.0012895692284851
477,8.64523818631259E-06,0.0107881626445648,0.00450388850697706,0.00129099983712664
478,1.15269842484168E-05,0.0106369084584618,0.00454120943717043,0.00129243044576817
479,1.4408730310521E-05,0.0104856542723587,0.00457853036736381,0.0012938610544097
480,1.72904763726252E-05,0.0103344000862557,0.00461585129755719,0.00129529166305123
481,1.95983839387642E-05,0.0101794007907093,0.00464892309103081,0.00128732362371204
482,2.19062915049033E-05,0.010024401495163,0.00468199488450443,0.00127935558437286
483,2.42141990710424E-05,0.00986940219961664,0.00471506667797805,0.00127138754503367
484,2.65221066371815E-05,0.00971440290407028,0.00474813847145167,0.00126341950569448
485,2.88300142033205E-05,0.00955940360852393,0.00478121026492529,0.00125545146635529
486,2.48727002830381E-05,0.00937224685954794,0.00481991244104784,0.00124108486847294
487,2.09153863627557E-05,0.00918509011057196,0.00485861461717039,0.0012267182705906
488,1.69580724424733E-05,0.00899793336159598,0.00489731679329295,0.00121235167270825
489,1.30007585221909E-05,0.00881077661261999,0.0049360189694155,0.0011979850748259
490,9.04344460190855E-06,0.00862361986364401,0.00497472114553806,0.00118361847694356
491,1.09978337910753E-05,0.00840165077330027,0.00507498265202855,0.00118296565178356
492,1.2952222980242E-05,0.00817968168295653,0.00517524415851904,0.00118231282662357
493,1.49066121694087E-05,0.00795771259261278,0.00527550566500954,0.00118166000146357
494,1.68610013585754E-05,0.00773574350226904,0.00537576717150003,0.00118100717630358
495,1.52377247770159E-05,0.00758146640513768,0.00548907275495544,0.00119242169681868
496,1.36144481954563E-05,0.00742718930800631,0.00560237833841086,0.00120383621733379
497,1.19911716138968E-05,0.00727291221087495,0.00571568392186627,0.0012152507378489
498,1.03678950323373E-05,0.00711863511374358,0.00582898950532169,0.00122666525836401
499,8.74461845077778E-06,0.00696435801661222,0.0059422950887771,0.00123807977887912
500,7.12134186921826E-06,0.00681008091948085,0.00605560067223251,0.00124949429939423
501,5.6970734953746E-06,0.00664504936571878,0.00623536230990514,0.00128610362753642
502,4.27280512153095E-06,0.0064800178119567,0.00641512394757777,0.00132271295567862
503,2.8485367476873E-06,0.00631498625819463,0.00659488558525039,0.00135932228382082
504,1.42426837384365E-06,0.00614995470443255,0.00677464722292302,0.00139593161196301
505,0,0.00598492315067048,0.00695440886059564,0.00143254094010521
506,3.74936959770024E-06,0.00578831398768017,0.00710100382442618,0.00147064643855285
507,7.49873919540047E-06,0.00559170482468985,0.00724759878825673,0.0015087519370005
508,1.12481087931007E-05,0.00539509566169954,0.00739419375208727,0.00154685743544814
509,1.49974783908009E-05,0.00519848649870923,0.00754078871591781,0.00158496293389579
510,1.87468479885012E-05,0.00500187733571891,0.00768738367974835,0.00162306843234343
511,1.62590116239936E-05,0.00479587884935459,0.00777897298258325,0.00169242401504904
512,1.3771175259486E-05,0.00458988036299027,0.00787056228541815,0.00176177959775466
513,1.12833388949784E-05,0.00438388187662595,0.00796215158825305,0.00183113518046027
514,8.79550253047086E-06,0.00417788339026163,0.00805374089108796,0.00190049076316588
515,6.30766616596329E-06,0.00397188490389731,0.00814533019392286,0.0019698463458715
516,6.82834125883675E-06,0.00379484521481552,0.00820883163915886,0.00206349792838337
517,7.34901635171021E-06,0.00361780552573372,0.00827233308439487,0.00215714951089525
518,7.86969144458368E-06,0.00344076583665192,0.00833583452963088,0.00225080109340713
519,8.39036653745714E-06,0.00326372614757012,0.00839933597486689,0.002344452675919
520,8.91104163033061E-06,0.00308668645848832,0.0084628374201029,0.00243810425843088
521,7.74434222910225E-06,0.00292904586661904,0.00848491265716318,0.00254052823698607
522,6.5776428278739E-06,0.00277140527474976,0.00850698789422346,0.00264295221554126
523,5.41094342664555E-06,0.00261376468288048,0.00852906313128374,0.00274537619409644
524,4.2442440254172E-06,0.0024561240910112,0.00855113836834401,0.00284780017265163
525,7.23419789533046E-06,0.00236635623392957,0.00856843064779709,0.00286080059195251
526,1.02241517652437E-05,0.00227658837684793,0.00858572292725016,0.00287380101125339
527,1.3214105635157E-05,0.0021868205197663,0.00860301520670323,0.00288680143055427
528,1.62040595050702E-05,0.00209705266268467,0.0086203074861563,0.00289980184985515
529,1.91940133749835E-05,0.00200728480560303,0.00863759976560937,0.00291280226915603
530,1.59950111458196E-05,0.00194961279442704,0.00861783159983386,0.00284436454165645
531,1.27960089166557E-05,0.00189194078325104,0.00859806343405834,0.00277592681415687
532,9.59700668749176E-06,0.00183426877207505,0.00857829526828282,0.00270748908665729
533,6.39800445832784E-06,0.00177659676089906,0.0085585271025073,0.00263905135915772
534,3.19900222916392E-06,0.00171892474972306,0.00853875893673178,0.00257061363165814
535,0,0.00166125273854707,0.00851899077095626,0.00250217590415856
536,6.64026145342337E-06,0.00160432287089803,0.00848584617813388,0.0023799101418438
537,1.32805229068467E-05,0.001547393003249,0.00845270158531149,0.00225764437952904
538,1.99207843602701E-05,0.00149046313559997,0.00841955699248911,0.00213537861721429
539,2.65610458136935E-05,0.00143353326795094,0.00838641239966672,0.00201311285489953
540,3.32013072671169E-05,0.00137660340030191,0.00835326780684434,0.00189084709258477
541,2.86912597976816E-05,0.00132078994151329,0.00827232203244218,0.00178643959259463
542,2.41812123282464E-05,0.00126497648272467,0.00819137625804003,0.00168203209260449
543,1.96711648588112E-05,0.00120916302393605,0.00811043048363788,0.00157762459261434
544,1.5161117389376E-05,0.00115334956514743,0.00802948470923572,0.0014732170926242
545,1.06510699199408E-05,0.00109753610635881,0.00794853893483357,0.00136880959263406
546,1.00831377147947E-05,0.00104928109804878,0.00789156700393539,0.00131738182791372
547,9.51520550964864E-06,0.00100102608973875,0.00783459507303721,0.00126595406319338
548,8.94727330450257E-06,0.000952771081428723,0.00777762314213904,0.00121452629847304
549,8.3793410993565E-06,0.000904516073118693,0.00772065121124086,0.0011630985337527
550,7.81140889421042E-06,0.000856261064808663,0.00766367928034268,0.00111167076903236
551,8.25052505945014E-06,0.000812384599592926,0.0075907805637832,0.00108952085798183
552,8.68964122468987E-06,0.000768508134377189,0.00751788184722372,0.00106737094693131
553,9.12875738992959E-06,0.000724631669161451,0.00744498313066424,0.00104522103588078
554,9.56787355516931E-06,0.000680755203945714,0.00737208441410475,0.00102307112483026
555,1.0006989720409E-05,0.000636878738729977,0.00729918569754527,0.00100092121377973
556,8.00559177632722E-06,0.000603829174972627,0.00720847443541409,0.000996179398812029
557,6.00419383224542E-06,0.000570779611215276,0.00711776317328291,0.000991437583844327
558,4.00279588816361E-06,0.000537730047457926,0.00702705191115173,0.000986695768876626
559,2.00139794408181E-06,0.000504680483700576,0.00693634064902056,0.000981953953908924
560,0,0.000471630919943225,0.00684562938688938,0.000977212138941222
561,1.05682162769023E-06,0.000448695590123306,0.00673585102052558,0.000988313203133745
562,2.11364325538046E-06,0.000425760260303386,0.00662607265416179,0.000999414267326268
563,3.17046488307069E-06,0.000402824930483467,0.006516294287798,0.00101051533151879
564,4.22728651076092E-06,0.000379889600663548,0.0064065159214342,0.00102161639571131
565,5.28410813845115E-06,0.000356954270843628,0.00629673755507041,0.00103271745990384
566,4.43398741798269E-06,0.000343685425759603,0.00619438763242393,0.00108690344580365
567,3.58386669751423E-06,0.000330416580675578,0.00609203770977745,0.00114108943170346
568,2.73374597704576E-06,0.000317147735591553,0.00598968778713097,0.00119527541760327
569,1.8836252565773E-06,0.000303878890507528,0.0058873378644845,0.00124946140350308
570,1.03350453610884E-06,0.000290610045423502,0.00578498794183802,0.00130364738940289
571,3.72539456269305E-06,0.000282823991287286,0.00567879925025715,0.0016011933313013
572,6.41728458927725E-06,0.00027503793715107,0.00557261055867628,0.0018987392731997
573,9.10917461586146E-06,0.000267251883014854,0.00546642186709542,0.0021962852150981
574,1.18010646424457E-05,0.000259465828878638,0.00536023317551455,0.00249383115699651
575,1.44929546690299E-05,0.000251679774742421,0.00525404448393369,0.00279137709889491
576,1.28572120409817E-05,0.000245912605879436,0.00514703296335262,0.00375786955512473
577,1.12214694129336E-05,0.000240145437016451,0.00504002144277155,0.00472436201135454
578,9.58572678488546E-06,0.000234378268153466,0.00493300992219048,0.00569085446758435
579,7.94998415683732E-06,0.000228611099290481,0.00482599840160942,0.00665734692381417
580,6.31424152878919E-06,0.000222843930427496,0.00471898688102835,0.00762383938004398
581,5.14301510221958E-06,0.000215595896570139,0.00461115820892663,0.00857347952713341
582,3.97178867564998E-06,0.000208347862712782,0.00450332953682491,0.00952311967422284
583,2.80056224908038E-06,0.000201099828855425,0.00439550086472318,0.0104727598213123
584,1.62933582251077E-06,0.000193851794998068,0.00428767219262146,0.0114223999684017
585,4.5810939594117E-07,0.000186603761140711,0.00417984352051974,0.0123720401154911
586,1.69212951964013E-06,0.000184238900852403,0.00407243639349333,0.0126891767951985
587,2.92614964333909E-06,0.000181874040564095,0.00396502926646691,0.013006313474906
588,4.16016976703804E-06,0.000179509180275786,0.00385762213944049,0.0133234501546134
589,5.394189890737E-06,0.000177144319987478,0.00375021501241408,0.0136405868343208
590,6.62821001443596E-06,0.000174779459699169,0.00364280788538766,0.0139577235140282
591,5.30256801154877E-06,0.000166982830209287,0.00352444160847779,0.0138739661181314
592,3.97692600866158E-06,0.000159186200719405,0.00340607533156792,0.0137902087222346
593,2.65128400577438E-06,0.000151389571229523,0.00328770905465805,0.0137064513263378
594,1.32564200288719E-06,0.000143592941739641,0.00316934277774818,0.0136226939304409
595,0,0.000135796312249759,0.0030509765008383,0.0135389365345441
596,1.56948821364199E-06,0.000131746255684161,0.00292510824485888,0.013357658652754
597,3.13897642728398E-06,0.000127696199118564,0.00279923998887945,0.013176380770964
598,4.70846464092597E-06,0.000123646142552966,0.00267337173290002,0.0129951028891739
599,6.27795285456797E-06,0.000119596085987369,0.00254750347692059,0.0128138250073838
600,7.84744106820996E-06,0.000115546029421771,0.00242163522094117,0.0126325471255938
601,6.27795285456796E-06,0.000112174474066928,0.00231752249842964,0.0124394633253174
602,4.70846464092597E-06,0.000108802918712084,0.00221340977591812,0.0122463795250411
603,3.13897642728398E-06,0.000105431363357241,0.0021092970534066,0.0120532957247648
604,1.56948821364199E-06,0.000102059808002397,0.00200518433089508,0.0118602119244885
605,0,9.8688252647554E-05,0.00190107160838356,0.0116671281242121
606,0,9.59297322605087E-05,0.00180781326964283,0.0114423240052219
607,0,9.31712118734635E-05,0.00171455493090209,0.0112175198862316
608,0,9.04126914864182E-05,0.00162129659216136,0.0109927157672413
609,0,8.7654171099373E-05,0.00152803825342063,0.0107679116482511
610,0,8.48956507123277E-05,0.0014347799146799,0.0105431075292608
611,1.99514829582313E-06,8.52390442432152E-05,0.00136323388458205,0.0103160919020897
612,3.99029659164626E-06,8.55824377741026E-05,0.00129168785448421,0.0100890762749186
613,5.98544488746939E-06,8.59258313049901E-05,0.00122014182438636,0.00986206064774746
614,7.98059318329252E-06,8.62692248358775E-05,0.00114859579428851,0.00963504502057634
615,9.97574147911565E-06,8.6612618366765E-05,0.00107704976419066,0.00940802939340522
616,1.12881472562771E-05,8.58238016608671E-05,0.00102328462881455,0.00917669492213655
617,1.26005530334386E-05,8.50349849549692E-05,0.000969519493438428,0.00894536045086789
618,1.39129588106001E-05,8.42461682490714E-05,0.00091575435806231,0.00871402597959922
619,1.52253645877616E-05,8.34573515431735E-05,0.000861989222686193,0.00848269150833056
620,1.65377703649231E-05,8.26685348372756E-05,0.000808224087310075,0.00825135703706189
621,1.56136896376743E-05,8.25528814222653E-05,0.000772946267185757,0.00806122149392731
622,1.46896089104255E-05,8.24372280072551E-05,0.000737668447061439,0.00787108595079272
623,1.37655281831767E-05,8.23215745922448E-05,0.000702390626937121,0.00768095040765814
624,1.28414474559279E-05,8.22059211772346E-05,0.000667112806812803,0.00749081486452355
625,1.19173667286791E-05,8.20902677622243E-05,0.000631834986688484,0.00730067932138897
626,1.29468771899073E-05,8.2902324062126E-05,0.000607434589532317,0.00713366626140948
627,1.39763876511356E-05,8.37143803620277E-05,0.000583034192376149,0.00696665320142999
628,1.50058981123638E-05,8.45264366619294E-05,0.000558633795219981,0.0067996401414505
629,1.6035408573592E-05,8.53384929618311E-05,0.000534233398063814,0.00663262708147101
630,1.70649190348202E-05,8.61505492617327E-05,0.000509833000907646,0.00646561402149152
631,1.93810101794609E-05,8.70536771963448E-05,0.000491787731265775,0.00629260534620575
632,2.16971013241015E-05,8.79568051309569E-05,0.000473742461623904,0.00611959667091999
633,2.40131924687422E-05,8.8859933065569E-05,0.000455697191982034,0.00594658799563422
634,2.63292836133828E-05,8.97630610001811E-05,0.000437651922340163,0.00577357932034846
635,2.86453747580235E-05,9.06661889347932E-05,0.000419606652698292,0.00560057064506269
636,2.55894053310534E-05,9.14832925895099E-05,0.000407471346908917,0.0054768852683996
637,2.25334359040833E-05,9.23003962442265E-05,0.000395336041119542,0.00535319989173651
638,1.94774664771132E-05,9.31174998989432E-05,0.000383200735330167,0.00522951451507341
639,1.64214970501431E-05,9.39346035536598E-05,0.000371065429540792,0.00510582913841032
640,1.33655276231729E-05,9.47517072083765E-05,0.000358930123751416,0.00498214376174722
641,1.03095581962028E-05,9.55688108630931E-05,0.000346794817962041,0.00485845838508413
642,1.27462533022236E-05,9.64036434274705E-05,0.000335290772253598,0.00472651395198557
643,1.51829484082444E-05,9.72384759918479E-05,0.000323786726545155,0.00459456951888701
644,1.76196435142652E-05,9.80733085562253E-05,0.000312282680836712,0.00446262508578845
645,2.0056338620286E-05,9.89081411206027E-05,0.000300778635128269,0.00433068065268989
646,2.24930337263068E-05,9.97429736849801E-05,0.000289274589419826,0.00419873621959133
647,2.24930337263068E-05,0.000100777776545924,0.000279675690218801,0.00407641763849474
648,2.24930337263068E-05,0.000101812579406868,0.000270076791017776,0.00395409905739816
649,2.24930337263068E-05,0.000102847382267811,0.000260477891816751,0.00383178047630157
650,2.24930337263068E-05,0.000103882185128755,0.000250878992615726,0.00370946189520499
651,2.24930337263068E-05,0.000104916987989699,0.000241280093414701,0.0035871433141084
652,2.24930337263068E-05,0.00010367708977043,0.000235784793694634,0.00347498561702002
653,2.24930337263068E-05,0.000102437191551161,0.000230289493974567,0.00336282791993164
654,2.24930337263068E-05,0.000101197293331893,0.0002247941942545,0.00325067022284325
655,2.24930337263068E-05,9.9957395112624E-05,0.000219298894534434,0.00313851252575487
656,2.24930337263068E-05,9.87174968933553E-05,0.000213803594814367,0.00302635482866649
657,2.24930337263068E-05,0.000101288134075265,0.000208918473705543,0.00292161981350579
658,2.24930337263068E-05,0.000103858771257176,0.000204033352596719,0.00281688479834509
659,2.24930337263068E-05,0.000106429408439086,0.000199148231487896,0.00271214978318439
660,2.24930337263068E-05,0.000109000045620996,0.000194263110379072,0.00260741476802368
661,2.24930337263068E-05,0.00010881190300028,0.000192650533098473,0.00252546082593404
662,2.24930337263068E-05,0.000108623760379563,0.000191037955817874,0.00244350688384439
663,2.24930337263068E-05,0.000108435617758847,0.000189425378537276,0.00236155294175474
664,2.24930337263068E-05,0.000108247475138131,0.000187812801256677,0.00227959899966509
665,2.24930337263068E-05,0.000108059332517415,0.000186200223976078,0.00219764505757544
666,2.24930337263068E-05,0.000104232978970654,0.000183889423298847,0.00211507751419804
667,2.24930337263068E-05,0.000100406625423893,0.000181578622621615,0.00203250997082063
668,2.24930337263068E-05,9.65802718771324E-05,0.000179267821944384,0.00194994242744323
669,2.24930337263068E-05,9.27539183303717E-05,0.000176957021267153,0.00186737488406582
670,2.24930337263068E-05,8.89275647836109E-05,0.000174646220589921,0.00178480734068842
671,2.24930337263068E-05,8.95005076882099E-05,0.000168497780172259,0.00167120173901838
672,2.24930337263068E-05,9.00734505928088E-05,0.000162349339754596,0.00155759613734835
673,2.24930337263068E-05,9.06463934974078E-05,0.000156200899336934,0.00144399053567831
674,2.24930337263068E-05,9.12193364020067E-05,0.000150052458919271,0.00133038493400828
675,2.24930337263068E-05,9.17922793066057E-05,0.000143904018501609,0.00121677933233824
676,2.24930337263068E-05,9.23652222112046E-05,0.000137755578083946,0.00110317373066821
677,2.24930337263068E-05,8.63153792825837E-05,0.000128187357352376,0.000968306693492316
678,2.24930337263068E-05,8.02655363539628E-05,0.000118619136620806,0.000833439656316426
679,2.24930337263068E-05,7.42156934253419E-05,0.000109050915889236,0.000698572619140535
680,2.24930337263068E-05,6.8165850496721E-05,9.94826951576659E-05,0.000563705581964644
681,2.24930337263068E-05,6.21160075681E-05,8.99144744260957E-05,0.000428838544788754
682,2.24930337263068E-05,5.97395767446366E-05,8.54755191998428E-05,0.000382101483681898
683,2.24930337263068E-05,5.73631459211732E-05,8.10365639735899E-05,0.000335364422575042
684,2.24930337263068E-05,5.49867150977097E-05,7.65976087473371E-05,0.000288627361468186
685,2.24930337263068E-05,5.26102842742463E-05,7.21586535210842E-05,0.00024189030036133
686,2.24930337263068E-05,5.02338534507828E-05,6.77196982948313E-05,0.000195153239254474
687,2.24930337263068E-05,5.01119663939044E-05,6.72461846137087E-05,0.00018457686421723
688,2.24930337263068E-05,4.99900793370259E-05,6.6772670932586E-05,0.000174000489179986
689,2.24930337263068E-05,4.98681922801475E-05,6.62991572514634E-05,0.000163424114142741
690,2.24930337263068E-05,4.97463052232691E-05,6.58256435703408E-05,0.000152847739105497
691,2.24930337263068E-05,4.96244181663906E-05,6.53521298892182E-05,0.000142271364068253
692,2.24930337263068E-05,5.05543350498309E-05,6.57803284096256E-05,0.000133808614592863
693,2.24930337263068E-05,5.14842519332712E-05,6.62085269300329E-05,0.000125345865117473
694,2.24930337263068E-05,5.24141688167115E-05,6.66367254504403E-05,0.000116883115642083
695,2.24930337263068E-05,5.33440857001518E-05,6.70649239708476E-05,0.000108420366166693
696,2.24930337263068E-05,5.09707063945987E-05,6.65899035423109E-05,0.000102975592855814
697,2.24930337263068E-05,4.85973270890455E-05,6.61148831137743E-05,9.75308195449341E-05
698,2.24930337263068E-05,4.62239477834924E-05,6.56398626852376E-05,9.20860462340545E-05
699,2.24930337263068E-05,4.38505684779392E-05,6.51648422567009E-05,8.66412729231748E-05
700,2.24930337263068E-05,4.1477189172386E-05,6.46898218281643E-05,8.11964996122951E-05