wl,99,80,60,40,20,10,5,2
300,101.0042772,83.25421444,58.53908671,42.28822761,18.44453919,12.18331586,5.96389821,0.54048291
301,100.9182551,83.25155055,58.56004971,42.19000893,18.41927489,12.14212533,5.901823385,0.443458887
302,101.0130871,83.44388937,58.63233895,42.14566249,18.43570069,12.08365742,5.83564855,0.372674976
303,100.9373464,83.41472319,58.62411692,42.0523735,18.35908931,12.01261739,5.741994723,0.257442958
304,100.9312126,83.50069224,58.59592535,42.02310949,18.32153445,11.99049502,5.608444965,0.160678998
305,100.8605233,83.55778861,58.48262721,41.97539739,18.29247246,11.99664578,5.630742286,0.136682552
306,100.7096031,83.53882461,58.38126698,41.86733908,18.16377519,11.89587327,5.541026806,0.016952081
307,100.698032,83.54513989,58.46809484,41.91389074,18.18941552,11.97341753,5.676286267,0.142341081
308,100.7402659,83.57568064,58.55072565,41.82529245,18.25070321,11.95568535,5.749487348,0.244402744
309,100.7483871,83.49972821,58.57561307,41.80855568,18.25034138,11.90776623,5.673891012,0.265687034
310,100.8296403,83.63263078,58.62120778,41.7902158,18.25074914,11.95887675,5.699911291,0.36527583
311,100.6713007,83.55664541,58.46832684,41.74111977,18.28852771,11.94234584,5.648372976,0.406223914
312,100.6593685,83.57211915,58.4819866,41.7787593,18.23101232,11.89725963,5.603924824,0.330592168
313,100.5661755,83.69821989,58.40021156,41.80731654,18.26232511,11.92513817,5.643910821,0.371510512
314,100.3683911,83.40300075,58.2903297,41.71282991,18.24559842,11.84369675,5.562361633,0.291610199
315,100.5162904,83.5257668,58.38067528,41.78268726,18.24982574,11.82437347,5.533718144,0.213986603
316,100.5645405,83.55606343,58.4087826,41.85314233,18.31064593,11.78543919,5.540185508,0.237869821
317,100.6418641,83.54511179,58.65302593,41.94123656,18.31784904,11.79498329,5.489510387,0.236114661
318,100.8301428,83.73934887,58.77331042,42.01251948,18.32220959,11.75806894,5.439598168,0.192509774
319,100.9864053,83.81141747,58.91721382,41.96911454,18.34953694,11.77204303,5.474278881,0.240508829
320,100.8230617,83.72891256,58.81325086,41.82273992,18.22997958,11.74692389,5.383659082,0.141826743
321,100.792168,83.71671701,58.76116436,41.83268266,18.1449755,11.64351918,5.261726056,-0.003097894
322,100.6682845,83.72826564,58.68519411,41.82716212,18.08459946,11.65673046,5.246929861,0.015752609
323,100.3689255,83.5570966,58.49686098,41.89150025,18.08298718,11.68478257,5.361032801,0.120680969
324,100.362843,83.37658601,58.40557702,41.91274363,18.11849734,11.71537287,5.457029508,0.2400567
325,100.2471511,83.23404027,58.3411854,41.80151473,18.12869536,11.76497116,5.567264178,0.329531149
326,100.1943651,83.08399175,58.33890699,41.75262772,18.10100029,11.77955422,5.586186909,0.317799901
327,100.4165437,83.18721341,58.49375877,41.83147581,18.11514853,11.76785494,5.464028256,0.181849726
328,100.3598947,83.38227274,58.60196204,41.82973897,18.13111611,11.80597114,5.443534844,0.160543338
329,100.6075465,83.61652688,58.67369179,41.85124691,18.04949147,11.72265696,5.398455685,0.098941209
330,100.5226113,83.71259419,58.71011961,41.8876323,18.10287641,11.77406103,5.458692392,0.124579108
331,100.404385,83.70909622,58.67859881,41.73801586,18.0172872,11.75584178,5.449751854,0.152241696
332,100.485641,83.75311462,58.82926431,41.84789508,18.09883282,11.8200917,5.504362353,0.207862015
333,100.434897,83.86138498,58.85747569,41.8993599,18.23291049,11.90152447,5.57845006,0.277748907
334,100.7425938,84.10567794,58.98534937,41.95780677,18.30589174,11.86599865,5.617000451,0.279547813
335,100.8298225,84.20812025,59.01720362,41.98220884,18.3104688,11.86423823,5.624641293,0.321585962
336,100.8015044,84.26250595,58.87127616,41.94428905,18.26900798,11.7865704,5.59714225,0.300141426
337,100.6766926,84.17838703,58.77615609,41.81679455,18.23699682,11.81170921,5.575735864,0.276167731
338,100.607058,84.22286091,58.80089456,41.8726624,18.16717883,11.82410787,5.519930526,0.289608459
339,100.4709779,84.25935977,58.83108191,41.83823139,18.15585316,11.770964,5.513041675,0.224027411
340,100.5573056,84.37309796,59.00494191,41.89075257,18.17280742,11.84820654,5.514436618,0.247472672
341,100.6898813,84.45572157,59.13228672,41.98818103,18.16662297,11.85683958,5.508055968,0.296210943
342,100.4058925,84.16264616,58.93956137,41.87052375,18.19223083,11.87784736,5.53226503,0.335373355
343,100.3450639,84.02109222,58.75402925,41.87030241,18.16980442,11.90256612,5.564269179,0.357715572
344,100.216873,83.82861334,58.54134343,41.77086685,18.11949163,11.83572916,5.611358337,0.39818363
345,99.97277129,83.54984316,58.41212621,41.78868928,18.12660707,11.83294126,5.649540124,0.450164534
346,100.170439,83.67587186,58.52498413,41.87413625,18.14363404,11.83361368,5.648372007,0.455532654
347,100.2872215,83.79190146,58.62169354,41.89920958,18.17882886,11.883532,5.683784083,0.53512242
348,100.338113,83.92374401,58.75598584,42.02711599,18.28229006,11.8991686,5.698601828,0.554903297
349,100.5300421,84.23562907,58.86081604,42.08891962,18.37400135,11.95013619,5.751720423,0.601830483
350,100.5143007,84.39861236,58.92647634,42.10796339,18.37752427,11.97580169,5.776072422,0.640076768
351,100.5112064,84.41824366,58.99157142,42.16144937,18.37995253,11.96181404,5.74681624,0.628280887
352,100.6087684,84.38696913,59.02047308,42.09285681,18.3148953,11.97042298,5.739860981,0.61523509
353,100.5767493,84.24238018,58.99728653,42.07846068,18.23215552,11.89409477,5.693443416,0.553420699
354,100.5830202,84.04777304,58.88091175,42.01479076,18.22596209,11.92960926,5.747476059,0.627892387
355,100.5741221,84.02313802,58.84449996,42.04595965,18.27406441,11.96055904,5.810998928,0.67630625
356,100.4457577,83.82831427,58.67095242,42.03397641,18.23504052,11.98134795,5.840956189,0.71970947
357,100.5618668,83.86448826,58.65925957,42.07465361,18.29872035,12.07645059,5.928405779,0.791930931
358,100.6124859,83.87963266,58.65942988,42.1541469,18.33938483,12.05165632,5.894345252,0.767132653
359,100.7125294,83.85893408,58.62997857,42.16912172,18.3076972,11.98743488,5.872056943,0.758584645
360,100.7714785,83.93775281,58.64302465,42.15087084,18.34067117,11.95110373,5.84693551,0.788382569
361,100.786681,83.95351662,58.59053991,42.16315545,18.33187823,11.92460234,5.849373737,0.8224318
362,100.8042635,84.00172365,58.64424357,42.17542338,18.34392192,11.99940891,5.948778217,0.911457222
363,100.7206945,84.04411761,58.74541957,42.16882323,18.37152321,12.06043509,5.986364093,0.92392286
364,100.762463,84.19237172,58.86087683,42.22170762,18.3701613,12.09108887,6.010909442,0.915575169
365,100.5957847,84.27693117,58.98065709,42.17815904,18.37299055,12.1261457,5.954034416,0.891982239
366,100.534936,84.40625522,59.07186066,42.16569873,18.36951552,12.09445,5.924702898,0.827244434
367,100.5570135,84.45778828,59.03739645,42.15246567,18.37012624,12.02039541,5.861798414,0.810303634
368,100.4802492,84.51997218,59.09783537,42.18202485,18.40336487,12.02129185,5.87393248,0.797982592
369,100.6577678,84.7039922,59.17376102,42.21268127,18.36134444,11.96670952,5.886835494,0.778344494
370,100.6370772,84.75727263,59.1351335,42.18558,18.26023982,11.90020683,5.76540083,0.692031109
371,100.6323256,84.88587533,59.2102344,42.18634761,18.27693561,11.95806782,5.833236853,0.693173368
372,100.5999959,84.86997576,59.18847808,42.17114867,18.24190219,11.96513104,5.7842637,0.691996677
373,100.6360737,84.81478788,59.21820193,42.21676378,18.28595218,11.93896366,5.738483934,0.672816683
374,100.7405684,84.81526954,59.28731599,42.29096626,18.36340699,11.99887812,5.756213273,0.731776004
375,100.7234066,84.73929982,59.16348291,42.31746828,18.35818445,11.95911439,5.69793854,0.730253101
376,100.6844639,84.62828826,59.07826562,42.31789454,18.39537859,11.99618799,5.79906741,0.802084453
377,100.6426378,84.53134556,59.04324516,42.32933927,18.3951197,12.04605772,5.887789894,0.861294412
378,100.4961261,84.51042128,58.96810749,42.29625715,18.41899723,12.00231972,5.941040557,0.886301167
379,100.5298676,84.52334391,59.09078187,42.31187284,18.41347284,12.05002108,6.014935465,0.956837498
380,100.5632985,84.65907552,59.18589465,42.33589323,18.41669607,12.0412518,5.98391765,0.942303597
381,100.5145032,84.75356873,59.19138636,42.30661777,18.38784691,12.05073229,5.967809769,0.958959882
382,100.4875192,84.75074763,59.18990725,42.30529071,18.34482673,12.05234578,5.963338475,0.954218338
383,100.4817404,84.82815274,59.18101324,42.33003811,18.32775814,12.02058162,5.88854737,0.877785627
384,100.5803857,84.87809147,59.23662303,42.37136869,18.35506205,12.03707408,5.892164043,0.852120882
385,100.562656,84.87469541,59.18578844,42.4003414,18.39944287,12.02888504,5.914194067,0.852643351
386,100.6491583,84.86514424,59.22743857,42.44782557,18.42995108,12.05894645,5.941348287,0.87409683
387,100.680612,84.90084154,59.25438114,42.45172978,18.50316876,12.08890085,5.992690482,0.930069488
388,100.6504894,84.82208808,59.21531067,42.43869512,18.47927243,12.06504011,5.996993171,0.938625077
389,100.724706,84.82842667,59.30252758,42.46300754,18.45962385,12.05215168,6.001410006,0.926862187
390,100.8178674,84.90359344,59.33961221,42.43553176,18.43319694,12.03865931,6.007936294,0.926836217
391,100.7463886,84.76865159,59.32795039,42.4272067,18.37665381,12.02369536,6.01510851,0.951201111
392,100.6540726,84.71237458,59.28231444,42.43440024,18.3459972,12.01231099,6.022293332,0.991821143
393,100.6187293,84.71486557,59.24287701,42.4080524,18.3488727,12.01017219,6.009449205,0.99310764
394,100.5971257,84.70241584,59.25917502,42.43398561,18.37440051,12.00274469,5.994290292,0.985967642
395,100.6045367,84.85451056,59.28952319,42.43790277,18.42543347,11.98435944,5.996476932,0.966814477
396,100.6820377,85.03731861,59.371582,42.44852181,18.45725778,11.9789111,5.996117991,0.940862706
397,100.6604959,85.12431465,59.42593571,42.47559376,18.43306967,11.98520821,6.012904679,0.967266363
398,100.6403871,85.26393611,59.48684952,42.48124882,18.4285727,12.00324264,6.044051589,0.996460423
399,100.726117,85.35715254,59.58407444,42.56137257,18.43510292,12.06160122,6.082666858,1.018394897
400,100.6544894,85.30696252,59.55264929,42.5670829,18.42893255,12.06023275,6.062330755,0.998506635
401,100.700975,85.37734043,59.60580472,42.62979291,18.53514364,12.09803187,6.083515826,1.003302462
402,100.7167316,85.34038101,59.57088207,42.6932024,18.53921138,12.09610339,6.051864417,0.991785892
403,100.6545407,85.17296362,59.50959358,42.64233484,18.50090532,12.05854735,6.014904131,0.987829607
404,100.6835428,85.25543713,59.62365791,42.65558713,18.50943095,12.09995475,6.022088569,1.021059176
405,100.6191496,85.20512299,59.58879141,42.65722103,18.44849464,12.08561279,5.999252415,1.022379121
406,100.6375542,85.25194686,59.68214947,42.69971769,18.46518072,12.12072709,6.02796336,1.038151623
407,100.7522767,85.40139589,59.74513887,42.7857884,18.51034344,12.14217135,6.046917056,1.06879178
408,100.7445019,85.37576515,59.69163154,42.76575083,18.46725198,12.10497137,6.043905786,1.046342221
409,100.8516275,85.45825343,59.74020529,42.78739484,18.4858252,12.09805086,6.067047446,1.066624872
410,100.7385422,85.41896295,59.69603797,42.74864267,18.45131912,12.04307682,6.044112402,1.054358744
411,100.6532306,85.40540887,59.65724074,42.72195541,18.41188508,12.03161388,6.043154516,1.059982527
412,100.7025689,85.42946868,59.70946999,42.80588753,18.4781754,12.06361735,6.074250538,1.094366711
413,100.5790678,85.35177125,59.66863442,42.75286797,18.50801937,12.06953086,6.068210936,1.108490237
414,100.5918452,85.38672314,59.64070683,42.73785247,18.48973518,12.0588033,6.035501246,1.084456462
415,100.5945396,85.38574356,59.65362742,42.72991621,18.49629795,12.06684567,6.003335372,1.066506584
416,100.5876628,85.46021432,59.67049418,42.68464043,18.43389864,12.03994138,5.970488856,1.049455294
417,100.6670204,85.56478624,59.76761157,42.75591632,18.40538935,12.07321842,5.992412689,1.050645493
418,100.6590755,85.61647143,59.84389292,42.80695179,18.44294568,12.10369504,6.051411033,1.088539799
419,100.6393198,85.62244246,59.88771405,42.86803183,18.4614905,12.12279369,6.113488641,1.132091966
420,100.6962071,85.6441171,59.94325847,42.97706369,18.49622738,12.15240428,6.14582924,1.1827815
421,100.8196919,85.7074269,60.02924924,43.04883633,18.51877683,12.15172806,6.141745494,1.193971853
422,100.8842924,85.67410793,60.05912459,43.09420094,18.52677679,12.14986735,6.148274161,1.225243149
423,101.0243229,85.80238185,60.13461509,43.17533845,18.53749644,12.13817983,6.135248886,1.217425989
424,101.0783886,85.86613896,60.19424089,43.20619326,18.56985798,12.15391461,6.147995223,1.223076672
425,101.0179119,85.85050317,60.21479348,43.20814229,18.56326776,12.1435457,6.148943411,1.223339816
426,101.0391768,85.9400208,60.23060124,43.23883219,18.56810988,12.15076906,6.15342885,1.221515625
427,100.9429773,85.86277971,60.19373665,43.21662811,18.5743903,12.15609345,6.168785828,1.242516004
428,100.8406505,85.76447163,60.13578169,43.15111711,18.5237433,12.10818644,6.143002293,1.21197352
429,100.8401855,85.83058782,60.10189233,43.14654368,18.53265713,12.12091439,6.155612024,1.196827512
430,100.9297545,85.88466169,60.13955957,43.13539165,18.5634649,12.14035049,6.143061157,1.187795664
431,100.8873987,85.89072467,60.10788381,43.08436299,18.54140475,12.12706401,6.099578665,1.154754041
432,100.9161465,85.92645183,60.12989591,43.09736284,18.56895822,12.16376779,6.099090311,1.147277079
433,100.9533122,85.91501674,60.1681992,43.12413815,18.56947772,12.15487004,6.076533361,1.151173249
434,100.8516451,85.89102468,60.19069591,43.15110276,18.53035369,12.14980433,6.059815403,1.107247769
435,100.8608873,85.90256215,60.22289593,43.19321148,18.57567905,12.19871795,6.099190204,1.13471696
436,100.874233,85.93194945,60.25560259,43.22097507,18.61396874,12.2233555,6.121703363,1.173952445
437,100.7897639,85.91209428,60.24719166,43.22506917,18.59470535,12.23598483,6.128685468,1.1845603
438,100.7523084,85.87872017,60.24066542,43.21203089,18.59646056,12.20978537,6.142214026,1.218524045
439,100.7124509,85.89065993,60.30541079,43.24351637,18.56273855,12.1698595,6.122502973,1.197017075
440,100.6811264,85.91663299,60.33284154,43.31310182,18.5674477,12.15583642,6.142859814,1.208187349
441,100.7761937,86.00596578,60.41174779,43.37521097,18.62462007,12.16079149,6.170424451,1.213386125
442,100.8305788,86.09627673,60.42535988,43.41658165,18.64600197,12.1589542,6.173867199,1.203363815
443,100.9572823,86.19154221,60.47998444,43.47204503,18.67341028,12.18193544,6.181465971,1.199297047
444,100.9558571,86.21402732,60.48431204,43.49678005,18.66190469,12.16872144,6.159324037,1.181135228
445,100.8974063,86.22094569,60.49531406,43.50127634,18.63921476,12.18031354,6.156025168,1.189495585
446,100.9396102,86.24158461,60.5736441,43.54161834,18.65110593,12.20209878,6.16438724,1.191713442
447,100.9688759,86.27226939,60.62234313,43.59915312,18.6799462,12.2215285,6.183644114,1.216695898
448,100.9849948,86.29744871,60.65030826,43.61188121,18.69546861,12.2360957,6.194660123,1.213418293
449,100.9764118,86.32608139,60.67158651,43.64255371,18.71714025,12.24041342,6.189117337,1.213714669
450,100.9581744,86.33173658,60.67010072,43.66421701,18.72593537,12.25443242,6.191259947,1.222325101
451,100.8741552,86.29129242,60.62648731,43.62440267,18.72403876,12.25026585,6.193797529,1.222030219
452,100.8917117,86.3499639,60.65333872,43.62846659,18.71474991,12.25642231,6.194832861,1.225151779
453,100.8471523,86.28431358,60.60360765,43.63827956,18.7379114,12.2470462,6.204865981,1.226384053
454,100.7907052,86.32281165,60.62325632,43.62951762,18.71949002,12.25087952,6.214495186,1.214509539
455,100.7794582,86.38976537,60.65230858,43.63868518,18.71992601,12.26440863,6.221997083,1.200662755
456,100.7440685,86.3956663,60.6293152,43.65460013,18.73308702,12.26410013,6.216181488,1.179990995
457,100.7713305,86.44171863,60.64477699,43.64541461,18.72793908,12.27220669,6.203999748,1.171478887
458,100.7503406,86.41630811,60.66274705,43.69320371,18.72755811,12.25528454,6.185501936,1.19273413
459,100.8556258,86.47074601,60.75751781,43.77187467,18.73794419,12.27544188,6.18577739,1.213438919
460,100.9019407,86.48900715,60.8224689,43.8544796,18.75251096,12.29856769,6.203658405,1.2366533
461,100.9076118,86.51823113,60.9011114,43.91875493,18.77536054,12.31233522,6.225296176,1.246343394
462,100.9405473,86.50819565,60.88842032,43.90613413,18.78646907,12.30095317,6.2054575,1.220394395
463,100.7846055,86.44117035,60.83392305,43.84553992,18.79018717,12.28163981,6.196830926,1.201204943
464,100.6986661,86.40189272,60.85399557,43.78613288,18.80163702,12.26613922,6.167457032,1.18015499
465,100.6870079,86.40963391,60.81040126,43.73136921,18.77708783,12.26530971,6.11683445,1.158318261
466,100.6331074,86.4499935,60.84020841,43.74042562,18.77739246,12.28579368,6.124796514,1.162591619
467,100.6597989,86.46887237,60.82022737,43.75941079,18.7628629,12.26720153,6.123713387,1.146996371
468,100.6531615,86.50725447,60.76443458,43.75080547,18.77151173,12.26673296,6.151161985,1.139754112
469,100.60179,86.54046197,60.79340928,43.77606894,18.81658927,12.26889109,6.185192395,1.140524378
470,100.6116729,86.51427309,60.80673988,43.78959802,18.83222878,12.27966377,6.197810757,1.127853315
471,100.6505802,86.54952459,60.80907125,43.79546095,18.82434132,12.28292496,6.172112554,1.101616009
472,100.6916513,86.58895007,60.83609284,43.82877196,18.80596505,12.28161475,6.139356982,1.079133967
473,100.628445,86.53652043,60.7744398,43.79889222,18.76758595,12.26098361,6.106478621,1.066047455
474,100.5128525,86.51764279,60.72316014,43.76447613,18.77329429,12.24928693,6.112793414,1.055812344
475,100.4655907,86.52201134,60.73531259,43.76695128,18.81376055,12.2515748,6.12764322,1.065383083
476,100.4759168,86.51907372,60.77397157,43.76588834,18.84446603,12.24604647,6.164268575,1.094168594
477,100.6820403,86.71668366,60.91763467,43.87408638,18.89312,12.27850784,6.196832269,1.121845433
478,100.745133,86.82708737,60.98346612,43.95936433,18.90403867,12.29246854,6.195631445,1.134162444
479,100.7037951,86.84216992,61.06317273,43.98209961,18.90806851,12.30294428,6.203050863,1.15906932
480,100.6854669,86.81586469,61.11086318,44.00335808,18.85734229,12.28465687,6.167487851,1.147021559
481,100.6178412,86.76492999,61.1596855,44.06129531,18.83568938,12.27728198,6.177571251,1.184990113
482,100.7194013,86.92614928,61.44494031,44.32456863,18.90939101,12.32528758,6.211728677,1.231597311
483,100.801562,87.17577171,61.78542578,44.69132618,19.04503397,12.39825102,6.258534386,1.26873345
484,100.8278667,87.27110781,61.93142754,44.87118399,19.13181108,12.45464514,6.291110722,1.284967845
485,100.8719702,87.33708116,62.03127881,44.96314422,19.19907043,12.47768482,6.312311505,1.288915272
486,100.8845528,87.35741812,62.03582046,44.97856973,19.22871559,12.49253659,6.316376761,1.295636818
487,100.9192117,87.24325177,61.92128943,44.88377252,19.20103663,12.47980782,6.313967088,1.29395251
488,100.9564115,87.21663599,61.87842867,44.83190447,19.18090905,12.46117835,6.315586797,1.287993935
489,100.9321621,87.14896002,61.82307587,44.78723374,19.163706,12.45342831,6.30124654,1.277190241
490,100.8786325,87.09497683,61.75652845,44.73238638,19.1213032,12.41873394,6.291652126,1.268270223
491,100.7800487,87.06631873,61.68572859,44.66722961,19.08447341,12.39519908,6.274778714,1.253933888
492,100.7913482,87.0550455,61.67976382,44.63799801,19.07948557,12.40908384,6.267838148,1.256029994
493,100.7839639,87.11079141,61.63689832,44.60140311,19.06423268,12.40946776,6.269627812,1.246235333
494,100.7538066,87.05923465,61.55734699,44.51074756,19.04437768,12.39987463,6.253234082,1.215794823
495,100.7155893,87.03293675,61.50020882,44.43526011,19.01507462,12.3787275,6.22878297,1.187779446
496,100.7045834,87.06979904,61.4709428,44.40704722,18.9873002,12.34207807,6.210080266,1.172897556
497,100.6813562,87.03166154,61.46799514,44.43850049,18.99648368,12.34417543,6.209617337,1.169152361
498,100.7008854,87.07466676,61.50887438,44.43969272,19.00753455,12.36082713,6.215091202,1.159072247
499,100.6624657,87.05770924,61.48259805,44.4222363,19.00612406,12.37312009,6.214015897,1.136099398
500,100.6335286,87.04282317,61.47670924,44.42490591,19.0050032,12.38381215,6.218216905,1.124832823
501,100.6430523,87.06680814,61.52329283,44.4017349,18.99685686,12.3828546,6.19967653,1.105433584
502,100.6584012,87.1149762,61.56353062,44.43861434,19.04096784,12.40117313,6.211326957,1.120914161
503,100.6839181,87.20642522,61.61260671,44.46502678,19.06972044,12.40126017,6.211315406,1.131810243
504,100.5709389,87.2139464,61.62204491,44.4776736,19.09083393,12.425442,6.231545878,1.141994836
505,100.5147236,87.19818226,61.62435498,44.48784191,19.08934149,12.42279521,6.240318728,1.143023243
506,100.5051603,87.20646429,61.64704894,44.50690873,19.08114227,12.42069696,6.221936441,1.121334161
507,100.5182075,87.2254023,61.68860033,44.51229288,19.06842208,12.4368731,6.225740554,1.122230939
508,100.5259356,87.22525684,61.67224428,44.52120226,19.05380058,12.43622072,6.210234843,1.111780077
509,100.5343373,87.27693769,61.70898568,44.56849487,19.0428609,12.42271055,6.206226527,1.103626197
510,100.5295629,87.27944929,61.70377633,44.5872921,19.04533893,12.41692291,6.222594998,1.126905134
511,100.4774452,87.22755731,61.69369947,44.6098038,19.06233595,12.41206827,6.228328635,1.132554005
512,100.5598514,87.32070349,61.79572001,44.65731899,19.0958441,12.41796417,6.250644286,1.14257704
513,100.5346235,87.30768003,61.76599267,44.66833087,19.12094266,12.45047703,6.273571182,1.175475083
514,100.5512005,87.31737516,61.79498035,44.68951406,19.09556572,12.45869943,6.267908036,1.153527493
515,100.5975953,87.37392597,61.81909509,44.69662448,19.10203166,12.47513497,6.267109442,1.142698612
516,100.535201,87.28913489,61.78263123,44.68960594,19.08674019,12.4802618,6.263923908,1.138421337
517,100.5277085,87.28766274,61.84461556,44.73525996,19.11135706,12.48179328,6.271031781,1.151801207
518,100.548115,87.38998912,61.92269914,44.81198262,19.16612976,12.501532,6.296404802,1.19588171
519,100.5900756,87.47509166,61.99497976,44.92549038,19.21313782,12.51284834,6.329311463,1.213663927
520,100.5756128,87.48612825,61.99362752,44.95688313,19.2318026,12.52653884,6.327614422,1.220888399
521,100.6447309,87.51084995,62.00866733,44.97401682,19.22867696,12.52145526,6.318625443,1.190361681
522,100.7054153,87.48641214,61.99758842,44.95927513,19.23183818,12.50500554,6.298083305,1.175321163
523,100.7421996,87.45012936,62.00026944,44.965098,19.21205251,12.48209039,6.276904003,1.160795334
524,100.809748,87.5260292,62.10101848,45.01218809,19.23862541,12.48800947,6.308091735,1.176842779
525,100.8554474,87.56721428,62.18022565,45.11575115,19.26011986,12.49157472,6.311936003,1.192834499
526,100.7952562,87.56071281,62.25119047,45.2343716,19.28097698,12.49631611,6.324231151,1.201887876
527,100.7916252,87.69198646,62.45927827,45.47029291,19.37756423,12.55008318,6.344126243,1.23785809
528,100.8162363,87.81417181,62.68628906,45.68969074,19.43843834,12.58295713,6.347223613,1.242459344
529,100.787548,87.86234256,62.72801206,45.75451096,19.47077385,12.6037004,6.359418565,1.244273813
530,100.8428779,87.91398939,62.75772379,45.7618471,19.48215581,12.62331786,6.370420954,1.247269631
531,100.8784084,87.86095498,62.67742008,45.66896062,19.42605049,12.59940397,6.339729419,1.216917121
532,100.9172941,87.83564396,62.56435879,45.55296049,19.40044119,12.58559078,6.340167206,1.216212993
533,100.989247,87.90022409,62.6228307,45.54926979,19.41068599,12.6050467,6.341540669,1.219720072
534,100.9217436,87.87127753,62.58384033,45.50027544,19.40062519,12.59116073,6.337783947,1.215381178
535,100.7346585,87.75107085,62.45874871,45.42885481,19.3563264,12.55704967,6.325474564,1.211907312
536,100.6832983,87.72207053,62.39974522,45.39552627,19.3452744,12.56679866,6.321989463,1.203609105
537,100.5955876,87.62616667,62.32183315,45.33461293,19.30848054,12.56173226,6.314790952,1.191983395
538,100.5933165,87.62526737,62.3280861,45.32764914,19.3241125,12.57994804,6.314533631,1.193359591
539,100.7288133,87.72862823,62.3798656,45.35196674,19.3642627,12.58527476,6.329521125,1.184396798
540,100.798888,87.75933468,62.44563546,45.40743534,19.34842192,12.56970435,6.311627828,1.173831559
541,100.7704234,87.79476487,62.49007506,45.49159665,19.39177897,12.57535615,6.319629345,1.184809839
542,100.8174839,87.8277272,62.53969787,45.57000415,19.41051911,12.59613339,6.339988377,1.200492697
543,100.7813077,87.76808642,62.54291001,45.5859134,19.42355996,12.62838469,6.349670611,1.206216705
544,100.7519912,87.72783513,62.53080428,45.53663738,19.43660884,12.62884062,6.348583164,1.196789571
545,100.8279565,87.76994062,62.53749762,45.52351543,19.42729071,12.63638445,6.346469484,1.192998592
546,100.7909291,87.78873314,62.50947237,45.45897591,19.39460839,12.62242265,6.327182128,1.162681517
547,100.7478262,87.83698397,62.48517177,45.40923961,19.38944857,12.61945721,6.313060428,1.144280643
548,100.6620719,87.79273685,62.38997804,45.35864349,19.38526158,12.60742857,6.314614088,1.134065575
549,100.5261751,87.71666032,62.3411523,45.2648125,19.36113091,12.57666226,6.302961892,1.090846999
550,100.5011584,87.71542788,62.28791806,45.26743718,19.39183981,12.57111176,6.31055678,1.076881073
551,100.6037006,87.80231719,62.31085825,45.31823794,19.41430624,12.57746064,6.319175847,1.039596908
552,100.6552191,87.91758404,62.40671357,45.35624209,19.41856079,12.59091458,6.282135086,0.975864247
553,100.625502,87.91482311,62.43079696,45.38541325,19.43385916,12.61480646,6.261532226,0.973181031
554,100.5995798,87.96751495,62.4630259,45.39568701,19.44175822,12.65435644,6.24294245,0.96982682
555,100.5327016,87.94756575,62.47541322,45.39292186,19.43559907,12.67519337,6.232901782,0.984707295
556,100.4941942,87.92407753,62.45071038,45.33372714,19.45510002,12.68975589,6.247386334,1.006926932
557,100.5612907,87.99173803,62.51236029,45.38492095,19.48127125,12.69640511,6.251722479,0.996404346
558,100.5984339,88.04032539,62.57194405,45.42821573,19.51397964,12.6992104,6.258916848,1.002939552
559,100.5419018,88.01751863,62.59754848,45.42059619,19.53334082,12.68606393,6.244300386,1.009687841
560,100.6886903,88.15844233,62.698161,45.58935067,19.54564467,12.69048067,6.274321333,1.004722667
561,100.7046236,88.14560091,62.63745513,45.5626644,19.5438828,12.65213538,6.255368151,0.991666421
562,100.6733269,88.04675215,62.56916236,45.52602174,19.51785449,12.64317185,6.252596337,0.990971725
563,100.6401059,88.08446978,62.58767832,45.57303276,19.49001565,12.63838273,6.253010509,0.994859085
564,100.5917726,88.01933946,62.56398731,45.53567911,19.50991349,12.65508941,6.266322084,0.995824904
565,100.5772659,87.98009812,62.59838432,45.56024422,19.50361474,12.6537943,6.27654863,0.991380974
566,100.5915461,88.02849068,62.619886,45.6195457,19.52662322,12.64860655,6.306173828,0.982617206
567,100.5502177,87.97536534,62.60650354,45.62635569,19.52266282,12.65856451,6.29832337,0.986184089
568,100.6142701,88.06662416,62.68256265,45.64172224,19.50146105,12.64185001,6.245598524,0.937187767
569,100.7031312,88.17360684,62.74984108,45.70185281,19.49372804,12.65512895,6.225386314,0.924675159
570,100.7230732,88.22374279,62.834332,45.7304712,19.52293071,12.67679476,6.234784899,0.943475817
571,100.7293016,88.15775117,62.83441694,45.7469603,19.54569942,12.67635759,6.24977026,0.961734673
572,100.6603174,88.07253866,62.77321449,45.77708087,19.58464243,12.71111995,6.324454934,1.03924801
573,100.4937423,87.99902456,62.70098297,45.74689482,19.57116814,12.73317442,6.325862175,1.053422835
574,100.4845899,87.99369189,62.70500992,45.73746455,19.58694089,12.73848279,6.331544813,1.066536987
575,100.5020617,88.07865016,62.76092019,45.77623694,19.60700002,12.77052823,6.339210035,1.064296218
576,100.4836603,88.14409906,62.86256866,45.82991163,19.60833869,12.78206208,6.334596078,1.046192055
577,100.5133648,88.10576721,62.91914869,45.853809,19.62400263,12.78497018,6.345327317,1.031746074
578,100.4784829,88.06537389,62.85870417,45.83883873,19.63320208,12.78861917,6.372213126,1.020701953
579,100.2948335,87.88136154,62.75029495,45.79932527,19.61658792,12.75248454,6.383127224,0.991735184
580,100.4170601,88.01183504,62.80177536,45.81743038,19.64799459,12.71578702,6.366347882,0.961822941
581,100.3921648,88.01332614,62.81832679,45.8406679,19.66437169,12.72224847,6.336682728,0.94406882
582,100.4443949,88.18385754,62.89227563,45.91271584,19.68616712,12.76148911,6.305867212,0.921963903
583,100.5689031,88.30302752,62.94545994,45.97022838,19.72262578,12.83842938,6.333383206,0.964173184
584,100.4597147,88.25461553,62.87870167,45.97288507,19.70040515,12.88068689,6.319212342,0.912506721
585,100.4397578,88.31323088,62.92619,46.00173614,19.71972052,12.88300201,6.306910003,0.904682458
586,100.3389601,88.21348864,62.92057681,45.97729113,19.70251004,12.85728596,6.266109027,0.87827379
587,100.3001611,88.27811727,62.93848583,45.96152522,19.75292326,12.85372945,6.246287546,0.880453796
588,100.3577687,88.23031279,62.97190398,45.97919075,19.76164996,12.84679132,6.272387348,0.914160832
589,100.3275285,88.20273915,62.9591342,45.91959282,19.72017515,12.80589502,6.252907635,0.89179207
590,100.3804055,88.23281194,62.97275505,45.97166469,19.69906991,12.77931923,6.25445469,0.889830149
591,100.3464886,88.16382037,62.95690912,46.00366059,19.70041849,12.74942341,6.251303838,0.866179364
592,100.3872083,88.24468436,63.02359876,46.03922358,19.72092056,12.72510931,6.230895789,0.842473305
593,100.5443777,88.38617557,63.12240165,46.18033968,19.79545294,12.76376382,6.264067506,0.839331146
594,100.6958322,88.56136595,63.2747611,46.19697279,19.83412584,12.77966197,6.2734042,0.853256839
595,100.6376439,88.65747353,63.31188191,46.2463212,19.8276496,12.81064683,6.283562349,0.884425968
596,100.5997899,88.57584108,63.26639429,46.21270941,19.86238507,12.83773409,6.320179045,0.924523137
597,100.5376714,88.54439156,63.20284784,46.20602034,19.85632491,12.86132796,6.345001269,0.954170158
598,100.5442254,88.52445784,63.24503738,46.26329284,19.87280692,12.85053192,6.319149494,0.908947202
599,100.5298394,88.43603732,63.20487307,46.27885205,19.86455756,12.87286775,6.30759844,0.891989441
600,100.4221588,88.48225511,63.21406885,46.30893935,19.83539736,12.85635504,6.276109463,0.85332416
601,100.54089,88.53413063,63.32671992,46.39538942,19.82403912,12.8541045,6.287110984,0.837740414
602,100.5665294,88.50019631,63.25906183,46.38559809,19.82151843,12.82877659,6.288704916,0.843749645
603,100.6907211,88.54470351,63.36454157,46.44517461,19.86705893,12.83759217,6.342265243,0.884038404
604,100.7764569,88.5545631,63.41541643,46.45205494,19.90471904,12.88805285,6.392989716,0.958291934
605,100.6887428,88.51532604,63.35691493,46.40302065,19.91790839,12.91066034,6.391306656,0.943022889
606,100.6944071,88.58159952,63.40936744,46.42724563,19.94668374,12.95692222,6.420254251,0.959806602
607,100.6779247,88.64961415,63.41725144,46.46041136,19.91811216,12.95786667,6.353521269,0.928842869
608,100.5415629,88.58655997,63.38615753,46.4586468,19.88304218,12.95933442,6.306221085,0.87349511
609,100.5804882,88.64962022,63.42706006,46.49954431,19.90116068,12.97169837,6.326986378,0.880113002
610,100.5865288,88.60695922,63.46754211,46.54500467,19.87758829,12.94050176,6.295411736,0.844046353
611,100.4641763,88.52944801,63.42689505,46.49868651,19.85159985,12.91739013,6.322234675,0.834119183
612,100.4709775,88.57432045,63.4725924,46.52932377,19.88055854,12.9539714,6.370450891,0.859729161
613,100.4071389,88.64008713,63.52972985,46.58071936,19.93013672,12.96794913,6.375438879,0.868322331
614,100.3587224,88.56242634,63.53465902,46.57651462,19.97713534,13.02615325,6.401892196,0.880499324
615,100.3850817,88.59421128,63.60277134,46.57668356,19.96810282,13.01230385,6.367284598,0.86060115
616,100.3585281,88.53244704,63.63503609,46.45699843,19.93715959,12.94856396,6.301746686,0.835783445
617,100.2947762,88.49608564,63.60521375,46.44043121,19.87596043,12.91086179,6.258259669,0.749977311
618,100.2667615,88.55781946,63.5841376,46.44188633,19.93319132,12.90906022,6.295173067,0.744021859
619,100.3228782,88.61733419,63.56984177,46.50780186,20.00418225,12.85851386,6.312999145,0.67711523
620,100.2224463,88.55725562,63.52930493,46.56118303,20.00668539,12.87031574,6.258716479,0.673465278
621,100.2215212,88.57456348,63.50077777,46.60620926,19.99336142,12.86144637,6.224232673,0.651721953
622,100.1082856,88.56048848,63.51780751,46.60212595,19.96000911,12.85728518,6.210427184,0.6629473
623,100.1783529,88.58250505,63.54599249,46.65508071,19.98010618,12.8869328,6.203915565,0.63192288
624,100.2984574,88.71808761,63.65453776,46.75125598,20.04943414,12.91189766,6.248022612,0.634635867
625,100.4421045,88.76524945,63.73150134,46.83306813,20.14484292,13.0000071,6.309790063,0.737188999
626,100.4736032,88.65854057,63.70038721,46.84115851,20.15252509,13.02459979,6.304967892,0.782270393
627,100.3996088,88.55108301,63.60449586,46.81550196,20.12804496,13.03081914,6.291481443,0.821377679
628,100.4086177,88.5801813,63.57149826,46.76029518,20.11172045,13.00359017,6.254381455,0.797255504
629,100.3921337,88.56960732,63.59727443,46.69317901,20.05111386,12.90940158,6.193984327,0.718199989
630,100.3625671,88.67010613,63.66915179,46.69222258,20.06283737,12.89747177,6.206244773,0.68262331
631,100.4730275,88.81809978,63.7986716,46.80232451,20.11487626,12.90416847,6.217744611,0.676104676
632,100.4691355,88.8707811,63.85870153,46.88081869,20.11649752,12.92055822,6.247493556,0.649109017
633,100.5165541,88.91104702,63.86775819,46.95135726,20.16303021,12.94155608,6.242973229,0.639372087
634,100.6169588,89.00037096,63.92122473,47.08073503,20.2119108,13.00984768,6.290826374,0.674278491
635,100.5774097,88.98250334,63.9355133,47.09983235,20.22779019,13.05733699,6.328351341,0.689665348
636,100.6253286,89.03098559,63.99162029,47.15564145,20.25562094,13.1224012,6.351341784,0.750853247
637,100.476658,88.86646596,63.93979858,47.08754097,20.26205179,13.11074589,6.357349147,0.722401437
638,100.5093351,88.90359344,64.01324438,47.05891918,20.23300441,13.01931389,6.317591018,0.636412609
639,100.4178691,88.82002153,63.96359923,47.03266117,20.22170563,13.04428597,6.279613027,0.606106189
640,100.3882062,88.80651586,64.00943532,47.0420349,20.18905764,12.99549925,6.245524588,0.530813792
641,100.436725,88.91923486,64.08865419,47.02237346,20.17197228,13.02095229,6.214706719,0.545096445
642,100.3473547,88.96192788,64.0559437,47.03149992,20.14181003,13.00199748,6.134060874,0.492628526
643,100.4378756,89.05420366,64.16849104,47.0637868,20.1581045,12.98540484,6.11464312,0.447529282
644,100.378307,89.07147953,64.12207634,47.06655898,20.24478118,12.98401934,6.123781697,0.436743142
645,100.3238153,89.02808591,64.14040222,47.16109415,20.29619612,12.99932455,6.15639273,0.449371705
646,100.3756025,89.06070684,64.23048406,47.21145327,20.29079201,12.98424043,6.209505475,0.465069662
647,100.0667101,88.76951771,63.99561081,47.07489344,20.16004012,12.88125463,6.070241643,0.370816061
648,100.1470971,88.78768314,64.0534338,47.09643887,20.17003777,12.90750862,6.061299267,0.410273519
649,100.0974126,88.69915021,63.91212499,47.07532109,20.18287661,12.8813946,6.062137703,0.423125927
650,100.0834023,88.66438425,63.9195358,47.06430326,20.17287925,12.82697522,5.986396029,0.397430248
651,100.2862558,88.77273365,64.06166403,47.1714181,20.31566908,12.9550446,6.075695985,0.511517227
652,100.3157662,88.82870698,64.17533432,47.21749003,20.37041819,12.98232,6.083876951,0.520015248
653,100.3138312,88.89939738,64.24864984,47.24074452,20.38891057,12.9398853,6.108114235,0.46420412
654,100.3448632,88.96369702,64.35581429,47.34220419,20.44796486,13.0133007,6.167521921,0.446838692
655,100.2229056,88.98235443,64.24571399,47.34753386,20.38846906,12.90845621,6.171830696,0.423473047
656,100.3706264,89.12372016,64.29383004,47.38893859,20.41982514,12.97321921,6.212997618,0.455252852
657,100.5007856,89.28691277,64.32678313,47.43625183,20.41358242,13.02972992,6.240514244,0.488396121
658,100.4935709,89.23890834,64.29886172,47.39577914,20.40347704,13.04386258,6.217866453,0.486487719
659,100.6059439,89.18017282,64.32051418,47.47403792,20.42934505,13.11495727,6.230356411,0.521908761
660,100.4947074,89.11445993,64.15348861,47.38220138,20.35125952,12.98262148,6.108312259,0.426791568
661,100.4023081,89.08593529,64.12541106,47.41833596,20.42837636,13.01631514,6.124489162,0.477950104
662,100.5270313,89.20443895,64.19530626,47.43014299,20.46609115,12.91942881,6.102859707,0.376917981
663,100.3590033,89.15856216,64.17746204,47.42677953,20.49953172,12.89508293,6.146363949,0.373472012
664,100.2151363,89.08773494,64.28367044,47.47556756,20.52917371,12.91680382,6.178523398,0.376577502
665,100.0861088,88.99386007,64.31651152,47.48920728,20.5318305,12.95772396,6.200860844,0.457514073
666,99.94566793,88.87761665,64.29390206,47.4489084,20.46568616,12.91703813,6.150462382,0.400983422
667,100.1810954,89.00159122,64.39481168,47.55393281,20.46734028,12.96603229,6.157274655,0.369480132
668,100.3463477,88.93816512,64.36102843,47.57748629,20.48158284,12.92800808,6.156744179,0.340633826
669,100.383335,89.05310858,64.43707541,47.56904827,20.43904795,12.94234466,6.153903341,0.316689936
670,100.5915875,89.27492528,64.61452836,47.69501276,20.56080756,13.1268588,6.254981708,0.418626111
671,100.3674241,89.26952631,64.52211058,47.58001208,20.51880379,13.12124397,6.185450691,0.358238805
672,100.4244334,89.34947626,64.51934819,47.60967608,20.55405433,13.11069367,6.154610036,0.326848012
673,100.5714523,89.43118201,64.63845025,47.68117324,20.5056181,13.08396973,6.065242546,0.191278397
674,100.5843071,89.35683112,64.742773,47.77008306,20.44625543,12.99233752,5.991676023,0.178810937
675,100.6437802,89.43681827,64.90698948,47.92080487,20.41920971,12.96068575,5.932371724,0.136014029
676,100.7074078,89.46157922,65.04002084,48.02795955,20.44594676,12.94150357,5.97254261,0.149490083
677,100.5036632,89.33851692,64.90327622,47.99609551,20.53695046,12.96770204,6.020513615,0.270873368
678,100.3364495,89.20746017,64.72594192,47.90618567,20.61081528,12.96437558,6.065216147,0.318568937
679,100.1865669,89.0994539,64.58406099,47.86942724,20.64195838,12.97667904,6.137920243,0.353676026
680,100.183619,89.00648031,64.48888652,47.81328083,20.61402706,12.95087007,6.128965367,0.323694557
681,100.2562622,89.06520291,64.59077899,47.80092918,20.5888718,12.95421523,6.144126649,0.244860742
682,100.2464551,89.12207516,64.68419617,47.83412236,20.5821951,13.02641335,6.193793892,0.275905037
683,100.4116815,89.21152594,64.77312406,47.90115503,20.55698236,13.01500174,6.138360339,0.170030042
684,100.4372098,89.36316151,64.79941554,47.89755963,20.53284009,12.9550069,6.145716043,0.118662131
685,100.3635789,89.23710797,64.698628,47.83374304,20.43407231,12.85067613,5.994626244,-0.057006161
686,100.421829,89.26569285,64.73017485,47.78035207,20.35402975,12.7891376,5.838944837,-0.131961894
687,100.3329379,89.18486187,64.82664262,47.81210223,20.43739278,12.88786689,5.83576803,-0.057316404
688,100.247946,89.07884457,64.74452935,47.77743167,20.43081282,12.9288864,5.763172482,-0.072532676
689,100.2179537,89.14439902,64.69010762,47.75674661,20.50438441,12.90122633,5.880406368,0.005496261
690,100.0257702,89.11074854,64.64603873,47.82745734,20.59524802,12.93917485,5.962566721,0.016791651
691,100.0278733,89.26655249,64.66635554,47.92344247,20.66235583,12.99780597,6.012560869,0.073492022
692,100.2864633,89.39399549,64.84910102,48.12929915,20.68953423,12.99016833,6.034436231,0.083357225
693,100.5950642,89.56535811,65.06039379,48.33145341,20.68720462,13.02577724,6.034295219,-0.004480374
694,100.5027078,89.46768011,65.09759501,48.28642815,20.64384377,12.98560418,6.094534447,0.042380769
695,100.3769669,89.46603929,65.15829786,48.26429746,20.68063221,12.95013775,6.102409143,0.02947437
696,100.3728913,89.50277764,65.17389624,48.27325017,20.72432577,12.94440989,5.992770504,-0.066112028
697,100.4291671,89.5304103,65.13497178,48.28488522,20.75416558,12.97241422,5.994658211,-0.031903384
698,100.5323998,89.6076933,65.08443679,48.36518134,20.76145299,13.03573146,5.939757055,-0.024683037
699,100.4703008,89.52069611,64.90290654,48.41035216,20.75239456,13.17467365,6.052785132,0.134303177
700,100.4852756,89.54528953,64.93647324,48.42443657,20.75599866,13.19194636,6.085716934,0.153239716
